path	symbol	kind	prod_caller_path	prod_caller_symbol	cfg	wire_role	persistence_role	schema_or_format_version	last_writer	last_reader	target_owner	cutover_pr	deletion_pr	deadline	evidence_commit
crates/contracts/src/contract/command.rs	CancelRequestedV1	struct	interact,executive	-	governed	-	-	-	executive	executive	Gateway protocol	CGP-01/CGP-02	XRET-04	2026-10-31	B0+B2+B7+closed
crates/contracts/src/contract/command.rs	ClientCommand	enum	aletheon,interact,gateway,executive	-	governed	wire	-	-	executive	executive	Gateway protocol	CGP-01/CGP-02	XRET-04	2026-10-31	B0+B2+B7+closed
crates/contracts/src/contract/command.rs	ClientIntent	struct	aletheon,interact,gateway,executive	-	governed	-	-	-	executive	executive	Gateway protocol	CGP-01/CGP-02	XRET-04	2026-10-31	B0+B2+B7+closed
crates/contracts/src/contract/command.rs	ClientIntentError	enum	aletheon,interact,gateway,executive	-	governed	wire	-	-	executive	executive	Gateway protocol	CGP-01/CGP-02	XRET-04	2026-10-31	B0+B2+B7+closed
crates/contracts/src/contract/command.rs	ClientSurface	enum	aletheon,interact,gateway,executive	-	governed	wire	-	-	executive	executive	Gateway protocol	CGP-01/CGP-02	XRET-04	2026-10-31	B0+B2+B7+closed
crates/contracts/src/contract/command.rs	CommandAvailability	enum	aletheon,interact,gateway	-	governed	wire	-	-	executive	executive	Gateway protocol	CGP-01/CGP-02	XRET-04	2026-10-31	B0+B2+B7+closed
crates/contracts/src/contract/command.rs	CommandExecution	enum	aletheon,interact,gateway,executive	-	governed	wire	-	-	executive	executive	Gateway protocol	CGP-01/CGP-02	XRET-04	2026-10-31	B0+B2+B7+closed
crates/contracts/src/contract/command.rs	CommandId	enum	aletheon,interact,gateway,executive	-	governed	wire	-	-	executive	executive	Gateway protocol	CGP-01/CGP-02	XRET-04	2026-10-31	B0+B2+B7+closed
crates/contracts/src/contract/command.rs	CommandOutputEnvelopeV1	struct	aletheon,interact,executive	-	governed	-	-	-	executive	executive	Gateway protocol	CGP-01/CGP-02	XRET-04	2026-10-31	B0+B2+B7+closed
crates/contracts/src/contract/command.rs	CommandOutputError	enum	aletheon,interact,executive	-	governed	wire	-	-	executive	executive	Gateway protocol	CGP-01/CGP-02	XRET-04	2026-10-31	B0+B2+B7+closed
crates/contracts/src/contract/command.rs	CommandOutputProtocol	enum	aletheon,interact,executive	-	governed	wire	-	-	executive	executive	Gateway protocol	CGP-01/CGP-02	XRET-04	2026-10-31	B0+B2+B7+closed
crates/contracts/src/contract/command.rs	CommandOutputV1	enum	aletheon,interact,executive	-	governed	wire	-	-	executive	executive	Gateway protocol	CGP-01/CGP-02	XRET-04	2026-10-31	B0+B2+B7+closed
crates/contracts/src/contract/command.rs	CommandRejectionV1	struct	aletheon,interact,executive	-	governed	-	-	-	executive	executive	Gateway protocol	CGP-01/CGP-02	XRET-04	2026-10-31	B0+B2+B7+closed
crates/contracts/src/contract/command.rs	CommandSpec	struct	aletheon,interact,gateway,executive	-	governed	-	-	-	executive	executive	Gateway protocol	CGP-01/CGP-02	XRET-04	2026-10-31	B0+B2+B7+closed
crates/contracts/src/contract/command.rs	CommandSurface	enum	aletheon,interact,gateway	-	governed	wire	-	-	executive	executive	Gateway protocol	CGP-01/CGP-02	XRET-04	2026-10-31	B0+B2+B7+closed
crates/contracts/src/contract/command.rs	CommandVisibility	enum	aletheon,interact,gateway	-	governed	wire	-	-	executive	executive	Gateway protocol	CGP-01/CGP-02	XRET-04	2026-10-31	B0+B2+B7+closed
crates/contracts/src/contract/command.rs	ExecuteShellIntent	struct	interact,executive	-	governed	-	-	-	executive	executive	Gateway protocol	CGP-01/CGP-02	XRET-04	2026-10-31	B0+B2+B7+closed
crates/contracts/src/contract/command.rs	PromptCompletionV1	struct	aletheon,interact,executive	-	governed	-	-	-	executive	executive	Gateway protocol	CGP-01/CGP-02	XRET-04	2026-10-31	B0+B2+B7+closed
crates/contracts/src/contract/command.rs	StatusCareWeightV1	struct	aletheon,interact,executive	-	governed	-	-	-	executive	executive	Gateway protocol	CGP-01/CGP-02	XRET-04	2026-10-31	B0+B2+B7+closed
crates/contracts/src/contract/command.rs	StatusCompactionRunV1	struct	aletheon,interact,executive	-	governed	-	-	-	executive	executive	Gateway protocol	CGP-01/CGP-02	XRET-04	2026-10-31	B0+B2+B7+closed
crates/contracts/src/contract/command.rs	StatusCompactionV1	struct	aletheon,interact,executive	-	governed	-	-	-	executive	executive	Gateway protocol	CGP-01/CGP-02	XRET-04	2026-10-31	B0+B2+B7+closed
crates/contracts/src/contract/command.rs	StatusIntent	struct	aletheon,interact,gateway,executive	-	governed	-	-	-	executive	executive	Gateway protocol	CGP-01/CGP-02	XRET-04	2026-10-31	B0+B2+B7+closed
crates/contracts/src/contract/command.rs	StatusMemoryV1	struct	aletheon,interact,executive	-	governed	-	-	-	executive	executive	Gateway protocol	CGP-01/CGP-02	XRET-04	2026-10-31	B0+B2+B7+closed
crates/contracts/src/contract/command.rs	StatusProjectionV1	struct	aletheon,interact,executive	-	governed	-	-	-	executive	executive	Gateway protocol	CGP-01/CGP-02	XRET-04	2026-10-31	B0+B2+B7+closed
crates/contracts/src/contract/command.rs	StatusSummaryV1	struct	aletheon,interact,executive	-	governed	-	-	-	executive	executive	Gateway protocol	CGP-01/CGP-02	XRET-04	2026-10-31	B0+B2+B7+closed
crates/contracts/src/contract/command.rs	StatusSupplementalMemoryV1	struct	aletheon,interact,executive	-	governed	-	-	-	executive	executive	Gateway protocol	CGP-01/CGP-02	XRET-04	2026-10-31	B0+B2+B7+closed
crates/contracts/src/contract/command.rs	SubmitPromptIntent	struct	aletheon,interact,gateway,executive	-	governed	-	-	-	executive	executive	Gateway protocol	CGP-01/CGP-02	XRET-04	2026-10-31	B0+B2+B7+closed
crates/contracts/src/contract/command.rs	TaskKindArg	enum	aletheon,interact	-	governed	wire	-	-	executive	executive	Gateway protocol	CGP-01/CGP-02	XRET-04	2026-10-31	B0+B2+B7+closed
crates/contracts/src/dasein/event.rs	DaseinEvent	enum	no-prod-caller	-	governed	wire	-	-	Dasein	Dasein	Dasein	D3	D6	-	B1
crates/contracts/src/dasein/event.rs	TemporalEventKind	enum	no-prod-caller	-	governed	wire	-	-	Dasein	Dasein	Dasein	D3	D6	-	B1
crates/contracts/src/dasein/transition.rs	CareActionKind	enum	no-prod-caller	-	governed	wire	-	-	dasein	dasein	Dasein	D3	D6	-	B1+B4+closed
crates/contracts/src/dasein/transition.rs	ExperienceProvenance	struct	no-prod-caller	-	governed	-	-	-	dasein	dasein	Dasein	D3	D6	-	B1+B4+closed
crates/contracts/src/dasein/transition.rs	ExperienceSource	enum	no-prod-caller	-	governed	wire	-	-	dasein	dasein	Dasein	D3	D6	-	B1+B4+closed
crates/contracts/src/dasein/transition.rs	InterpretedExperience	enum	no-prod-caller	-	governed	wire	-	-	dasein	dasein	Dasein	D3	D6	-	B1+B4+closed
crates/contracts/src/dasein/transition.rs	NarrativeEntryId	struct	no-prod-caller	-	governed	-	-	-	dasein	dasein	Dasein	D3	D6	-	B1+B4+closed
crates/contracts/src/dasein/transition.rs	OutcomeStatus	enum	no-prod-caller	-	governed	wire	-	-	dasein	dasein	Dasein	D3	D6	-	B1+B4+closed
crates/contracts/src/dasein/transition.rs	SelfEventId	struct	no-prod-caller	-	governed	-	-	-	dasein	dasein	Dasein	D3	D6	-	B1+B4+closed
crates/contracts/src/dasein/transition.rs	SelfEventV1	struct	no-prod-caller	-	governed	-	-	-	dasein	dasein	Dasein	D3	D6	-	B1+B4+closed
crates/contracts/src/dasein/transition.rs	SelfSignal	enum	no-prod-caller	-	governed	wire	-	-	dasein	dasein	Dasein	D3	D6	-	B1+B4+closed
crates/contracts/src/dasein/transition.rs	SelfTransitionReceipt	struct	no-prod-caller	-	governed	-	-	-	dasein	dasein	Dasein	D3	D6	-	B1+B4+closed
crates/contracts/src/dasein/transition.rs	SelfTransitionRequest	struct	no-prod-caller	-	governed	-	-	-	dasein	dasein	Dasein	D3	D6	-	B1+B4+closed
crates/contracts/src/dasein/transition.rs	SelfVersion	struct	no-prod-caller	-	governed	-	-	-	dasein	dasein	Dasein	D3	D6	-	B1+B4+closed
crates/contracts/src/dasein/types.rs	AffectTone	enum	no-prod-caller	-	governed	wire	-	-	Dasein	Dasein	Dasein	D3	D6	-	B1
crates/contracts/src/dasein/types.rs	AngstSource	enum	no-prod-caller	-	governed	wire	-	-	Dasein	Dasein	Dasein	D3	D6	-	B1
crates/contracts/src/dasein/types.rs	BoredomDepth	enum	no-prod-caller	-	governed	wire	-	-	Dasein	Dasein	Dasein	D3	D6	-	B1
crates/contracts/src/dasein/types.rs	ReadinessState	enum	no-prod-caller	-	governed	wire	-	-	Dasein	Dasein	Dasein	D3	D6	-	B1
crates/contracts/src/dasein/types.rs	Stimmung	enum	no-prod-caller	-	governed	wire	-	-	Dasein	Dasein	Dasein	D3	D6	-	B1
crates/contracts/src/include/admission.rs	BudgetController	trait	runtime,executive	-	governed	-	-	-	kernel|runtime	kernel|runtime	mechanical contracts rename	K2/K3+RA-05	D6	-	B1+B3+closed
crates/contracts/src/include/body.rs	Action	struct	no-prod-caller	-	governed	-	-	-	Hardware + Robot adapter	Hardware + Robot adapter	Hardware + Robot adapter	E4/E5(prep)+E4-K6b/E5-K6c(cutover)+XRET-03(drain)+E7(delete)	E7	-	B0+B3+B6
crates/contracts/src/include/body.rs	ActionResult	struct	no-prod-caller	-	governed	-	-	-	Hardware + Robot adapter	Hardware + Robot adapter	Hardware + Robot adapter	E4/E5(prep)+E4-K6b/E5-K6c(cutover)+XRET-03(drain)+E7(delete)	E7	-	B0+B3+B6
crates/contracts/src/include/body.rs	BodyRuntime	trait	no-prod-caller	-	governed	-	-	-	Hardware + Robot adapter	Hardware + Robot adapter	Hardware + Robot adapter	E4/E5(prep)+E4-K6b/E5-K6c(cutover)+XRET-03(drain)+E7(delete)	E7	-	B0+B3+B6
crates/contracts/src/include/chronos.rs	Clock	trait	no-prod-caller	-	governed	-	-	-	owner-local clock/deadline ports + host time adapter；Kernel 只拥有 enforcement clock port	owner-local clock/deadline ports + host time adapter；Kernel 只拥有 enforcement clock port	owner-local clock/deadline ports + host time adapter；Kernel 只拥有 enforcement clock port	D0+D2+D3+D4+D5+RA-02+CGP-04+K1	D6	-	B0+B1+B3+B5
crates/contracts/src/include/chronos.rs	Elapsed	struct	no-prod-caller	-	governed	-	-	-	owner-local clock/deadline ports + host time adapter；Kernel 只拥有 enforcement clock port	owner-local clock/deadline ports + host time adapter；Kernel 只拥有 enforcement clock port	owner-local clock/deadline ports + host time adapter；Kernel 只拥有 enforcement clock port	D0+D2+D3+D4+D5+RA-02+CGP-04+K1	D6	-	B0+B1+B3+B5
crates/contracts/src/include/chronos.rs	Timer	trait	no-prod-caller	-	governed	-	-	-	owner-local clock/deadline ports + host time adapter；Kernel 只拥有 enforcement clock port	owner-local clock/deadline ports + host time adapter；Kernel 只拥有 enforcement clock port	owner-local clock/deadline ports + host time adapter；Kernel 只拥有 enforcement clock port	D0+D2+D3+D4+D5+RA-02+CGP-04+K1	D6	-	B0+B1+B3+B5
crates/contracts/src/include/memory.rs	EmbeddingProvider	trait	no-prod-caller	-	governed	-	-	-	executive|mnemosyne	executive|mnemosyne	Mnemosyne + provider adapter	D4	D6	-	B0+B1+B3+B4+closed
crates/contracts/src/include/memory.rs	ProviderBackpressurePort	trait	no-prod-caller	-	governed	-	-	-	executive|mnemosyne	executive|mnemosyne	Mnemosyne + provider adapter	D4	D6	-	B0+B1+B3+B4+closed
crates/contracts/src/include/memory.rs	ProviderRequestPermit	trait	no-prod-caller	-	governed	-	-	-	executive|mnemosyne	executive|mnemosyne	Mnemosyne + provider adapter	D4	D6	-	B0+B1+B3+B4+closed
crates/contracts/src/include/subsystem.rs	Subsystem	trait	no-prod-caller	-	frozen	-	-	-	Composition root / owner-specific health ports	Composition root / owner-specific health ports	Composition root / owner-specific health ports	-	D6	-	B0+B3+B7
crates/contracts/src/include/subsystem.rs	SubsystemContext	struct	no-prod-caller	-	frozen	-	-	-	Composition root / owner-specific health ports	Composition root / owner-specific health ports	Composition root / owner-specific health ports	-	D6	-	B0+B3+B7
crates/contracts/src/include/subsystem.rs	SubsystemHealth	enum	no-prod-caller	-	frozen	wire	-	-	Composition root / owner-specific health ports	Composition root / owner-specific health ports	Composition root / owner-specific health ports	-	D6	-	B0+B3+B7
crates/contracts/src/include/subsystem.rs	Version	struct	no-prod-caller	-	frozen	-	-	-	Composition root / owner-specific health ports	Composition root / owner-specific health ports	Composition root / owner-specific health ports	-	D6	-	B0+B3+B7
crates/contracts/src/include/turn.rs	AgoraView	struct	no-prod-caller	-	governed	-	-	-	Runtime + Cognit + Dasein + Agora + Kernel	Runtime + Cognit + Dasein + Agora + Kernel	Runtime + Cognit + Dasein + Agora + Kernel	RA-01+D2+D3+D4+K2	D6	-	B0+B1+B3
crates/contracts/src/include/turn.rs	CapabilityAuthority	struct	no-prod-caller	-	governed	-	-	-	Runtime + Cognit + Dasein + Agora + Kernel	Runtime + Cognit + Dasein + Agora + Kernel	Runtime + Cognit + Dasein + Agora + Kernel	RA-01+D2+D3+D4+K2	D6	-	B0+B1+B3
crates/contracts/src/include/turn.rs	CapabilityCall	struct	no-prod-caller	-	governed	-	-	-	Runtime + Cognit + Dasein + Agora + Kernel	Runtime + Cognit + Dasein + Agora + Kernel	Runtime + Cognit + Dasein + Agora + Kernel	RA-01+D2+D3+D4+K2	D6	-	B0+B1+B3
crates/contracts/src/include/turn.rs	CapabilityErrorClass	enum	no-prod-caller	-	governed	wire	-	-	Runtime + Cognit + Dasein + Agora + Kernel	Runtime + Cognit + Dasein + Agora + Kernel	Runtime + Cognit + Dasein + Agora + Kernel	RA-01+D2+D3+D4+K2	D6	-	B0+B1+B3
crates/contracts/src/include/turn.rs	CapabilityReceiptDetails	struct	no-prod-caller	-	governed	-	-	-	Runtime + Cognit + Dasein + Agora + Kernel	Runtime + Cognit + Dasein + Agora + Kernel	Runtime + Cognit + Dasein + Agora + Kernel	RA-01+D2+D3+D4+K2	D6	-	B0+B1+B3
crates/contracts/src/include/turn.rs	CapabilityRequest	struct	no-prod-caller	-	governed	-	-	-	Runtime + Cognit + Dasein + Agora + Kernel	Runtime + Cognit + Dasein + Agora + Kernel	Runtime + Cognit + Dasein + Agora + Kernel	RA-01+D2+D3+D4+K2	D6	-	B0+B1+B3
crates/contracts/src/include/turn.rs	CapabilityResult	struct	no-prod-caller	-	governed	-	-	-	Runtime + Cognit + Dasein + Agora + Kernel	Runtime + Cognit + Dasein + Agora + Kernel	Runtime + Cognit + Dasein + Agora + Kernel	RA-01+D2+D3+D4+K2	D6	-	B0+B1+B3
crates/contracts/src/include/turn.rs	CapabilityRetryDisposition	enum	no-prod-caller	-	governed	wire	-	-	Runtime + Cognit + Dasein + Agora + Kernel	Runtime + Cognit + Dasein + Agora + Kernel	Runtime + Cognit + Dasein + Agora + Kernel	RA-01+D2+D3+D4+K2	D6	-	B0+B1+B3
crates/contracts/src/include/turn.rs	CapabilityTerminalReceipt	struct	no-prod-caller	-	governed	-	-	-	Runtime + Cognit + Dasein + Agora + Kernel	Runtime + Cognit + Dasein + Agora + Kernel	Runtime + Cognit + Dasein + Agora + Kernel	RA-01+D2+D3+D4+K2	D6	-	B0+B1+B3
crates/contracts/src/include/turn.rs	CapabilityTerminalStatus	enum	no-prod-caller	-	governed	wire	-	-	Runtime + Cognit + Dasein + Agora + Kernel	Runtime + Cognit + Dasein + Agora + Kernel	Runtime + Cognit + Dasein + Agora + Kernel	RA-01+D2+D3+D4+K2	D6	-	B0+B1+B3
crates/contracts/src/include/turn.rs	DaseinView	struct	no-prod-caller	-	governed	-	-	-	Runtime + Cognit + Dasein + Agora + Kernel	Runtime + Cognit + Dasein + Agora + Kernel	Runtime + Cognit + Dasein + Agora + Kernel	RA-01+D2+D3+D4+K2	D6	-	B0+B1+B3
crates/contracts/src/include/turn.rs	InvocationControl	struct	no-prod-caller	-	governed	-	-	-	Runtime + Cognit + Dasein + Agora + Kernel	Runtime + Cognit + Dasein + Agora + Kernel	Runtime + Cognit + Dasein + Agora + Kernel	RA-01+D2+D3+D4+K2	D6	-	B0+B1+B3
crates/contracts/src/include/turn.rs	NoopTurnEventSink	struct	no-prod-caller	-	governed	-	-	-	Runtime + Cognit + Dasein + Agora + Kernel	Runtime + Cognit + Dasein + Agora + Kernel	Runtime + Cognit + Dasein + Agora + Kernel	RA-01+D2+D3+D4+K2	D6	-	B0+B1+B3
crates/contracts/src/include/turn.rs	RecallRequest	struct	no-prod-caller	-	governed	-	-	-	Runtime + Cognit + Dasein + Agora + Kernel	Runtime + Cognit + Dasein + Agora + Kernel	Runtime + Cognit + Dasein + Agora + Kernel	RA-01+D2+D3+D4+K2	D6	-	B0+B1+B3
crates/contracts/src/include/turn.rs	RecallSet	struct	no-prod-caller	-	governed	-	-	-	Runtime + Cognit + Dasein + Agora + Kernel	Runtime + Cognit + Dasein + Agora + Kernel	Runtime + Cognit + Dasein + Agora + Kernel	RA-01+D2+D3+D4+K2	D6	-	B0+B1+B3
crates/contracts/src/include/turn.rs	StubTurnServices	struct	no-prod-caller	-	governed	-	-	-	Runtime + Cognit + Dasein + Agora + Kernel	Runtime + Cognit + Dasein + Agora + Kernel	Runtime + Cognit + Dasein + Agora + Kernel	RA-01+D2+D3+D4+K2	D6	-	B0+B1+B3
crates/contracts/src/include/turn.rs	TurnEventSink	trait	no-prod-caller	-	governed	-	-	-	Runtime + Cognit + Dasein + Agora + Kernel	Runtime + Cognit + Dasein + Agora + Kernel	Runtime + Cognit + Dasein + Agora + Kernel	RA-01+D2+D3+D4+K2	D6	-	B0+B1+B3
crates/contracts/src/include/turn.rs	TurnRequirement	enum	no-prod-caller	-	governed	wire	-	-	Runtime + Cognit + Dasein + Agora + Kernel	Runtime + Cognit + Dasein + Agora + Kernel	Runtime + Cognit + Dasein + Agora + Kernel	RA-01+D2+D3+D4+K2	D6	-	B0+B1+B3
crates/contracts/src/include/turn.rs	TurnServices	trait	no-prod-caller	-	governed	-	-	-	Runtime + Cognit + Dasein + Agora + Kernel	Runtime + Cognit + Dasein + Agora + Kernel	Runtime + Cognit + Dasein + Agora + Kernel	RA-01+D2+D3+D4+K2	D6	-	B0+B1+B3
crates/contracts/src/ipc/envelope_v2.rs	DeliveryPattern	enum	no-prod-caller	-	frozen	wire	-	-	cognit|corpus|executive	cognit|corpus|executive	Gateway wire + owner correlation primitives	-	D6	-	B0+B2+closed
crates/contracts/src/ipc/envelope_v2.rs	EnvelopeV2	struct	no-prod-caller	-	frozen	-	-	-	cognit|corpus|executive	cognit|corpus|executive	Gateway wire + owner correlation primitives	-	D6	-	B0+B2+closed
crates/contracts/src/ipc/envelope_v2.rs	MessageId	struct	no-prod-caller	-	frozen	-	-	-	cognit|corpus|executive	cognit|corpus|executive	Gateway wire + owner correlation primitives	-	D6	-	B0+B2+closed
crates/contracts/src/ipc/envelope_v2.rs	SchemaId	struct	no-prod-caller	-	frozen	-	-	-	cognit|corpus|executive	cognit|corpus|executive	Gateway wire + owner correlation primitives	-	D6	-	B0+B2+closed
crates/contracts/src/ipc/envelope_v2.rs	Target	struct	no-prod-caller	-	frozen	-	-	-	cognit|corpus|executive	cognit|corpus|executive	Gateway wire + owner correlation primitives	-	D6	-	B0+B2+closed
crates/contracts/src/ipc/envelope_v2.rs	UnsupportedSchema	struct	no-prod-caller	-	frozen	-	-	-	cognit|corpus|executive	cognit|corpus|executive	Gateway wire + owner correlation primitives	-	D6	-	B0+B2+closed
crates/contracts/src/ipc/stream.rs	SchemaRejection	struct	no-prod-caller	-	governed	-	-	-	cognit|executive	cognit|executive	Runtime turn event stream + Gateway projection	RA-02+CGP-02	D6	-	B0+B1+B2+closed
crates/contracts/src/ipc/stream.rs	TurnEventSender	struct	no-prod-caller	-	governed	-	-	-	cognit|executive	cognit|executive	Runtime turn event stream + Gateway projection	RA-02+CGP-02	D6	-	B0+B1+B2+closed
crates/contracts/src/ipc/stream.rs	TurnEventStream	struct	no-prod-caller	-	governed	-	-	-	cognit|executive	cognit|executive	Runtime turn event stream + Gateway projection	RA-02+CGP-02	D6	-	B0+B1+B2+closed
crates/contracts/src/ipc/stream.rs	TurnEventV1	enum	no-prod-caller	-	governed	wire	-	-	cognit|executive	cognit|executive	Runtime turn event stream + Gateway projection	RA-02+CGP-02	D6	-	B0+B1+B2+closed
crates/contracts/src/primitives/cognitive.rs	Hypothesis	struct	no-prod-caller	-	governed	-	-	-	Cognit + Dasein	Cognit + Dasein	Cognit + Dasein	D2+D3	D6	-	B0+B1
crates/contracts/src/protocol/client.rs	ActivityKind	enum	executive,interact	-	governed	wire	-	-	executive|interact	executive|interact	Gateway protocol + dated legacy compat seam	CGP-01/CGP-02	D6	-	B0+B2+B5+B7+closed
crates/contracts/src/protocol/client.rs	ActivitySnapshot	struct	executive,interact	-	governed	-	-	-	executive|interact	executive|interact	Gateway protocol + dated legacy compat seam	CGP-01/CGP-02	D6	-	B0+B2+B5+B7+closed
crates/contracts/src/protocol/client.rs	ActivityState	enum	executive,interact	-	governed	wire	-	-	executive|interact	executive|interact	Gateway protocol + dated legacy compat seam	CGP-01/CGP-02	D6	-	B0+B2+B5+B7+closed
crates/contracts/src/protocol/client.rs	AgentEvent	struct	no-prod-caller	-	governed	-	-	-	executive|interact	executive|interact	Gateway protocol + dated legacy compat seam	CGP-01/CGP-02	D6	-	B0+B2+B5+B7+closed
crates/contracts/src/protocol/client.rs	AgentProfileSetParams	struct	no-prod-caller	-	governed	-	-	-	executive|interact	executive|interact	Gateway protocol + dated legacy compat seam	CGP-01/CGP-02	D6	-	B0+B2+B5+B7+closed
crates/contracts/src/protocol/client.rs	AgentSessionSnapshot	struct	executive,interact	-	governed	-	-	-	executive|interact	executive|interact	Gateway protocol + dated legacy compat seam	CGP-01/CGP-02	D6	-	B0+B2+B5+B7+closed
crates/contracts/src/protocol/client.rs	AgentTimelineEntry	struct	executive,interact	-	governed	-	-	-	executive|interact	executive|interact	Gateway protocol + dated legacy compat seam	CGP-01/CGP-02	D6	-	B0+B2+B5+B7+closed
crates/contracts/src/protocol/client.rs	ApprovalDecisionRequest	enum	no-prod-caller	-	governed	wire	-	-	executive|interact	executive|interact	Gateway protocol + dated legacy compat seam	CGP-01/CGP-02	D6	-	B0+B2+B5+B7+closed
crates/contracts/src/protocol/client.rs	ApprovalEvent	struct	no-prod-caller	-	governed	-	-	-	executive|interact	executive|interact	Gateway protocol + dated legacy compat seam	CGP-01/CGP-02	D6	-	B0+B2+B5+B7+closed
crates/contracts/src/protocol/client.rs	ApprovalRequest	struct	no-prod-caller	-	governed	-	-	-	executive|interact	executive|interact	Gateway protocol + dated legacy compat seam	CGP-01/CGP-02	D6	-	B0+B2+B5+B7+closed
crates/contracts/src/protocol/client.rs	ApprovalResponseParams	struct	no-prod-caller	-	governed	-	-	-	executive|interact	executive|interact	Gateway protocol + dated legacy compat seam	CGP-01/CGP-02	D6	-	B0+B2+B5+B7+closed
crates/contracts/src/protocol/client.rs	CancelRequest	struct	no-prod-caller	-	governed	-	-	-	executive|interact	executive|interact	Gateway protocol + dated legacy compat seam	CGP-01/CGP-02	D6	-	B0+B2+B5+B7+closed
crates/contracts/src/protocol/client.rs	ChatParams	struct	no-prod-caller	-	governed	-	-	-	executive|interact	executive|interact	Gateway protocol + dated legacy compat seam	CGP-01/CGP-02	D6	-	B0+B2+B5+B7+closed
crates/contracts/src/protocol/client.rs	ChatRequest	struct	no-prod-caller	-	governed	-	-	-	executive|interact	executive|interact	Gateway protocol + dated legacy compat seam	CGP-01/CGP-02	D6	-	B0+B2+B5+B7+closed
crates/contracts/src/protocol/client.rs	CheckpointListEntry	struct	executive,interact	-	governed	-	-	-	executive|interact	executive|interact	Gateway protocol + dated legacy compat seam	CGP-01/CGP-02	D6	-	B0+B2+B5+B7+closed
crates/contracts/src/protocol/client.rs	CheckpointListParams	struct	executive,interact	-	governed	-	-	-	executive|interact	executive|interact	Gateway protocol + dated legacy compat seam	CGP-01/CGP-02	D6	-	B0+B2+B5+B7+closed
crates/contracts/src/protocol/client.rs	CheckpointListSnapshot	struct	executive,interact	-	governed	-	-	-	executive|interact	executive|interact	Gateway protocol + dated legacy compat seam	CGP-01/CGP-02	D6	-	B0+B2+B5+B7+closed
crates/contracts/src/protocol/client.rs	CheckpointMutationCoverage	enum	executive,interact	-	governed	wire	-	-	executive|interact	executive|interact	Gateway protocol + dated legacy compat seam	CGP-01/CGP-02	D6	-	B0+B2+B5+B7+closed
crates/contracts/src/protocol/client.rs	CheckpointReviewSettlement	enum	executive,interact	-	governed	wire	-	-	executive|interact	executive|interact	Gateway protocol + dated legacy compat seam	CGP-01/CGP-02	D6	-	B0+B2+B5+B7+closed
crates/contracts/src/protocol/client.rs	CheckpointReviewSnapshot	struct	executive,interact	-	governed	-	-	-	executive|interact	executive|interact	Gateway protocol + dated legacy compat seam	CGP-01/CGP-02	D6	-	B0+B2+B5+B7+closed
crates/contracts/src/protocol/client.rs	CheckpointRollbackAction	enum	executive,interact	-	governed	wire	-	-	executive|interact	executive|interact	Gateway protocol + dated legacy compat seam	CGP-01/CGP-02	D6	-	B0+B2+B5+B7+closed
crates/contracts/src/protocol/client.rs	ClientCapabilities	struct	no-prod-caller	-	governed	-	-	-	executive|interact	executive|interact	Gateway protocol + dated legacy compat seam	CGP-01/CGP-02	D6	-	B0+B2+B5+B7+closed
crates/contracts/src/protocol/client.rs	ClientEvent	enum	no-prod-caller	-	governed	wire	-	-	executive|interact	executive|interact	Gateway protocol + dated legacy compat seam	CGP-01/CGP-02	D6	-	B0+B2+B5+B7+closed
crates/contracts/src/protocol/client.rs	ClientMessage	struct	no-prod-caller	-	governed	-	-	-	executive|interact	executive|interact	Gateway protocol + dated legacy compat seam	CGP-01/CGP-02	D6	-	B0+B2+B5+B7+closed
crates/contracts/src/protocol/client.rs	ClientRequest	enum	no-prod-caller	-	governed	wire	-	-	executive|interact	executive|interact	Gateway protocol + dated legacy compat seam	CGP-01/CGP-02	D6	-	B0+B2+B5+B7+closed
crates/contracts/src/protocol/client.rs	ClientRpcRequest	enum	no-prod-caller	-	governed	wire	-	-	executive|interact	executive|interact	Gateway protocol + dated legacy compat seam	CGP-01/CGP-02	D6	-	B0+B2+B5+B7+closed
crates/contracts/src/protocol/client.rs	DebugBagReplayParams	struct	no-prod-caller	-	governed	-	-	-	executive|interact	executive|interact	Gateway protocol + dated legacy compat seam	CGP-01/CGP-02	D6	-	B0+B2+B5+B7+closed
crates/contracts/src/protocol/client.rs	DebugBagStartParams	struct	no-prod-caller	-	governed	-	-	-	executive|interact	executive|interact	Gateway protocol + dated legacy compat seam	CGP-01/CGP-02	D6	-	B0+B2+B5+B7+closed
crates/contracts/src/protocol/client.rs	DebugBagStopParams	struct	no-prod-caller	-	governed	-	-	-	executive|interact	executive|interact	Gateway protocol + dated legacy compat seam	CGP-01/CGP-02	D6	-	B0+B2+B5+B7+closed
crates/contracts/src/protocol/client.rs	DebugLogSubscribeParams	struct	no-prod-caller	-	governed	-	-	-	executive|interact	executive|interact	Gateway protocol + dated legacy compat seam	CGP-01/CGP-02	D6	-	B0+B2+B5+B7+closed
crates/contracts/src/protocol/client.rs	DebugParamGetParams	struct	no-prod-caller	-	governed	-	-	-	executive|interact	executive|interact	Gateway protocol + dated legacy compat seam	CGP-01/CGP-02	D6	-	B0+B2+B5+B7+closed
crates/contracts/src/protocol/client.rs	DebugSubscribeParams	struct	no-prod-caller	-	governed	-	-	-	executive|interact	executive|interact	Gateway protocol + dated legacy compat seam	CGP-01/CGP-02	D6	-	B0+B2+B5+B7+closed
crates/contracts/src/protocol/client.rs	DebugTraceStartParams	struct	no-prod-caller	-	governed	-	-	-	executive|interact	executive|interact	Gateway protocol + dated legacy compat seam	CGP-01/CGP-02	D6	-	B0+B2+B5+B7+closed
crates/contracts/src/protocol/client.rs	DiffArtifactGetParams	struct	no-prod-caller	-	governed	-	-	-	executive|interact	executive|interact	Gateway protocol + dated legacy compat seam	CGP-01/CGP-02	D6	-	B0+B2+B5+B7+closed
crates/contracts/src/protocol/client.rs	EvaluationGetParams	struct	no-prod-caller	-	governed	-	-	-	executive|interact	executive|interact	Gateway protocol + dated legacy compat seam	CGP-01/CGP-02	D6	-	B0+B2+B5+B7+closed
crates/contracts/src/protocol/client.rs	EvaluationLatestParams	struct	no-prod-caller	-	governed	-	-	-	executive|interact	executive|interact	Gateway protocol + dated legacy compat seam	CGP-01/CGP-02	D6	-	B0+B2+B5+B7+closed
crates/contracts/src/protocol/client.rs	EvaluationListParams	struct	no-prod-caller	-	governed	-	-	-	executive|interact	executive|interact	Gateway protocol + dated legacy compat seam	CGP-01/CGP-02	D6	-	B0+B2+B5+B7+closed
crates/contracts/src/protocol/client.rs	EventCursor	struct	no-prod-caller	-	governed	-	-	-	executive|interact	executive|interact	Gateway protocol + dated legacy compat seam	CGP-01/CGP-02	D6	-	B0+B2+B5+B7+closed
crates/contracts/src/protocol/client.rs	EventSubscription	struct	no-prod-caller	-	governed	-	-	-	executive|interact	executive|interact	Gateway protocol + dated legacy compat seam	CGP-01/CGP-02	D6	-	B0+B2+B5+B7+closed
crates/contracts/src/protocol/client.rs	GoalSetParams	struct	no-prod-caller	-	governed	-	-	-	executive|interact	executive|interact	Gateway protocol + dated legacy compat seam	CGP-01/CGP-02	D6	-	B0+B2+B5+B7+closed
crates/contracts/src/protocol/client.rs	GoalStatusParams	struct	no-prod-caller	-	governed	-	-	-	executive|interact	executive|interact	Gateway protocol + dated legacy compat seam	CGP-01/CGP-02	D6	-	B0+B2+B5+B7+closed
crates/contracts/src/protocol/client.rs	InitializeParams	struct	no-prod-caller	-	governed	-	-	-	executive|interact	executive|interact	Gateway protocol + dated legacy compat seam	CGP-01/CGP-02	D6	-	B0+B2+B5+B7+closed
crates/contracts/src/protocol/client.rs	InitializedResult	struct	no-prod-caller	-	governed	-	-	-	executive|interact	executive|interact	Gateway protocol + dated legacy compat seam	CGP-01/CGP-02	D6	-	B0+B2+B5+B7+closed
crates/contracts/src/protocol/client.rs	InterruptParams	struct	no-prod-caller	-	governed	-	-	-	executive|interact	executive|interact	Gateway protocol + dated legacy compat seam	CGP-01/CGP-02	D6	-	B0+B2+B5+B7+closed
crates/contracts/src/protocol/client.rs	ItemEvent	struct	no-prod-caller	-	governed	-	-	-	executive|interact	executive|interact	Gateway protocol + dated legacy compat seam	CGP-01/CGP-02	D6	-	B0+B2+B5+B7+closed
crates/contracts/src/protocol/client.rs	ItemPhase	enum	no-prod-caller	-	governed	wire	-	-	executive|interact	executive|interact	Gateway protocol + dated legacy compat seam	CGP-01/CGP-02	D6	-	B0+B2+B5+B7+closed
crates/contracts/src/protocol/client.rs	MemoryAddParams	struct	no-prod-caller	-	governed	-	-	-	executive|interact	executive|interact	Gateway protocol + dated legacy compat seam	CGP-01/CGP-02	D6	-	B0+B2+B5+B7+closed
crates/contracts/src/protocol/client.rs	MemoryForgetParams	struct	no-prod-caller	-	governed	-	-	-	executive|interact	executive|interact	Gateway protocol + dated legacy compat seam	CGP-01/CGP-02	D6	-	B0+B2+B5+B7+closed
crates/contracts/src/protocol/client.rs	MemoryListParams	struct	no-prod-caller	-	governed	-	-	-	executive|interact	executive|interact	Gateway protocol + dated legacy compat seam	CGP-01/CGP-02	D6	-	B0+B2+B5+B7+closed
crates/contracts/src/protocol/client.rs	MemorySearchParams	struct	no-prod-caller	-	governed	-	-	-	executive|interact	executive|interact	Gateway protocol + dated legacy compat seam	CGP-01/CGP-02	D6	-	B0+B2+B5+B7+closed
crates/contracts/src/protocol/client.rs	ModeSwitchParams	struct	no-prod-caller	-	governed	-	-	-	executive|interact	executive|interact	Gateway protocol + dated legacy compat seam	CGP-01/CGP-02	D6	-	B0+B2+B5+B7+closed
crates/contracts/src/protocol/client.rs	NameParams	struct	no-prod-caller	-	governed	-	-	-	executive|interact	executive|interact	Gateway protocol + dated legacy compat seam	CGP-01/CGP-02	D6	-	B0+B2+B5+B7+closed
crates/contracts/src/protocol/client.rs	NumericIdParams	struct	no-prod-caller	-	governed	-	-	-	executive|interact	executive|interact	Gateway protocol + dated legacy compat seam	CGP-01/CGP-02	D6	-	B0+B2+B5+B7+closed
crates/contracts/src/protocol/client.rs	ResumeParams	struct	no-prod-caller	-	governed	-	-	-	executive|interact	executive|interact	Gateway protocol + dated legacy compat seam	CGP-01/CGP-02	D6	-	B0+B2+B5+B7+closed
crates/contracts/src/protocol/client.rs	ReviewFinding	struct	executive,interact	-	governed	-	-	-	executive|interact	executive|interact	Gateway protocol + dated legacy compat seam	CGP-01/CGP-02	D6	-	B0+B2+B5+B7+closed
crates/contracts/src/protocol/client.rs	ReviewFindingLocation	struct	executive,interact	-	governed	-	-	-	executive|interact	executive|interact	Gateway protocol + dated legacy compat seam	CGP-01/CGP-02	D6	-	B0+B2+B5+B7+closed
crates/contracts/src/protocol/client.rs	ReviewFindingSeverity	enum	executive,interact	-	governed	wire	-	-	executive|interact	executive|interact	Gateway protocol + dated legacy compat seam	CGP-01/CGP-02	D6	-	B0+B2+B5+B7+closed
crates/contracts/src/protocol/client.rs	ReviewFindingStatus	enum	executive,interact	-	governed	wire	-	-	executive|interact	executive|interact	Gateway protocol + dated legacy compat seam	CGP-01/CGP-02	D6	-	B0+B2+B5+B7+closed
crates/contracts/src/protocol/client.rs	SessionEventPage	struct	executive,interact	-	governed	-	-	-	executive|interact	executive|interact	Gateway protocol + dated legacy compat seam	CGP-01/CGP-02	D6	-	B0+B2+B5+B7+closed
crates/contracts/src/protocol/client.rs	SessionForkParams	struct	no-prod-caller	-	governed	-	-	-	executive|interact	executive|interact	Gateway protocol + dated legacy compat seam	CGP-01/CGP-02	D6	-	B0+B2+B5+B7+closed
crates/contracts/src/protocol/client.rs	SessionInterruptParams	struct	no-prod-caller	-	governed	-	-	-	executive|interact	executive|interact	Gateway protocol + dated legacy compat seam	CGP-01/CGP-02	D6	-	B0+B2+B5+B7+closed
crates/contracts/src/protocol/client.rs	SessionListSnapshot	struct	executive,interact	-	governed	-	-	-	executive|interact	executive|interact	Gateway protocol + dated legacy compat seam	CGP-01/CGP-02	D6	-	B0+B2+B5+B7+closed
crates/contracts/src/protocol/client.rs	SessionParams	struct	no-prod-caller	-	governed	-	-	-	executive|interact	executive|interact	Gateway protocol + dated legacy compat seam	CGP-01/CGP-02	D6	-	B0+B2+B5+B7+closed
crates/contracts/src/protocol/client.rs	SessionReadBaseline	struct	executive,interact	-	governed	-	-	-	executive|interact	executive|interact	Gateway protocol + dated legacy compat seam	CGP-01/CGP-02	D6	-	B0+B2+B5+B7+closed
crates/contracts/src/protocol/client.rs	SessionReadSnapshot	struct	executive,interact	-	governed	-	-	-	executive|interact	executive|interact	Gateway protocol + dated legacy compat seam	CGP-01/CGP-02	D6	-	B0+B2+B5+B7+closed
crates/contracts/src/protocol/client.rs	SessionReplayParams	struct	no-prod-caller	-	governed	-	-	-	executive|interact	executive|interact	Gateway protocol + dated legacy compat seam	CGP-01/CGP-02	D6	-	B0+B2+B5+B7+closed
crates/contracts/src/protocol/client.rs	SkillInvokeParams	struct	no-prod-caller	-	governed	-	-	-	executive|interact	executive|interact	Gateway protocol + dated legacy compat seam	CGP-01/CGP-02	D6	-	B0+B2+B5+B7+closed
crates/contracts/src/protocol/client.rs	SnapshotRequest	struct	no-prod-caller	-	governed	-	-	-	executive|interact	executive|interact	Gateway protocol + dated legacy compat seam	CGP-01/CGP-02	D6	-	B0+B2+B5+B7+closed
crates/contracts/src/protocol/client.rs	TaskPhase	enum	executive,interact	-	governed	wire	-	-	executive|interact	executive|interact	Gateway protocol + dated legacy compat seam	CGP-01/CGP-02	D6	-	B0+B2+B5+B7+closed
crates/contracts/src/protocol/client.rs	TaskRuntimeFacts	struct	executive,interact	-	governed	-	-	-	executive|interact	executive|interact	Gateway protocol + dated legacy compat seam	CGP-01/CGP-02	D6	-	B0+B2+B5+B7+closed
crates/contracts/src/protocol/client.rs	TaskSettlement	enum	executive,interact	-	governed	wire	-	-	executive|interact	executive|interact	Gateway protocol + dated legacy compat seam	CGP-01/CGP-02	D6	-	B0+B2+B5+B7+closed
crates/contracts/src/protocol/client.rs	TaskSnapshot	struct	executive,interact	-	governed	-	-	-	executive|interact	executive|interact	Gateway protocol + dated legacy compat seam	CGP-01/CGP-02	D6	-	B0+B2+B5+B7+closed
crates/contracts/src/protocol/client.rs	TaskStepSnapshot	struct	executive,interact	-	governed	-	-	-	executive|interact	executive|interact	Gateway protocol + dated legacy compat seam	CGP-01/CGP-02	D6	-	B0+B2+B5+B7+closed
crates/contracts/src/protocol/client.rs	TransactionReviewAction	enum	executive,interact	-	governed	wire	-	-	executive|interact	executive|interact	Gateway protocol + dated legacy compat seam	CGP-01/CGP-02	D6	-	B0+B2+B5+B7+closed
crates/contracts/src/protocol/client.rs	TransactionReviewParams	struct	executive,interact	-	governed	-	-	-	executive|interact	executive|interact	Gateway protocol + dated legacy compat seam	CGP-01/CGP-02	D6	-	B0+B2+B5+B7+closed
crates/contracts/src/protocol/client.rs	TransactionReviewSnapshot	struct	executive,interact	-	governed	-	-	-	executive|interact	executive|interact	Gateway protocol + dated legacy compat seam	CGP-01/CGP-02	D6	-	B0+B2+B5+B7+closed
crates/contracts/src/protocol/client.rs	TransactionSettlementDecision	enum	executive,interact	-	governed	wire	-	-	executive|interact	executive|interact	Gateway protocol + dated legacy compat seam	CGP-01/CGP-02	D6	-	B0+B2+B5+B7+closed
crates/contracts/src/protocol/client.rs	TransactionSettlementGetParams	struct	executive,interact	-	governed	-	-	-	executive|interact	executive|interact	Gateway protocol + dated legacy compat seam	CGP-01/CGP-02	D6	-	B0+B2+B5+B7+closed
crates/contracts/src/protocol/client.rs	TransactionSettlementReceipt	struct	executive,interact	-	governed	-	-	-	executive|interact	executive|interact	Gateway protocol + dated legacy compat seam	CGP-01/CGP-02	D6	-	B0+B2+B5+B7+closed
crates/contracts/src/protocol/client.rs	TransientApprovalDecision	enum	no-prod-caller	-	governed	wire	-	-	executive|interact	executive|interact	Gateway protocol + dated legacy compat seam	CGP-01/CGP-02	D6	-	B0+B2+B5+B7+closed
crates/contracts/src/protocol/client.rs	TransientApprovalScopeHint	struct	no-prod-caller	-	governed	-	-	-	executive|interact	executive|interact	Gateway protocol + dated legacy compat seam	CGP-01/CGP-02	D6	-	B0+B2+B5+B7+closed
crates/contracts/src/protocol/client.rs	TransientApprovalScopeSubject	struct	no-prod-caller	-	governed	-	-	-	executive|interact	executive|interact	Gateway protocol + dated legacy compat seam	CGP-01/CGP-02	D6	-	B0+B2+B5+B7+closed
crates/contracts/src/protocol/client.rs	TurnCompletionError	struct	no-prod-caller	-	governed	-	-	-	executive|interact	executive|interact	Gateway protocol + dated legacy compat seam	CGP-01/CGP-02	D6	-	B0+B2+B5+B7+closed
crates/contracts/src/protocol/client.rs	TurnCompletionUsage	struct	no-prod-caller	-	governed	-	-	-	executive|interact	executive|interact	Gateway protocol + dated legacy compat seam	CGP-01/CGP-02	D6	-	B0+B2+B5+B7+closed
crates/contracts/src/protocol/client.rs	UiSnapshot	struct	no-prod-caller	-	governed	-	-	-	executive|interact	executive|interact	Gateway protocol + dated legacy compat seam	CGP-01/CGP-02	D6	-	B0+B2+B5+B7+closed
crates/contracts/src/protocol/client.rs	UnsupportedClientVersion	struct	no-prod-caller	-	governed	-	-	-	executive|interact	executive|interact	Gateway protocol + dated legacy compat seam	CGP-01/CGP-02	D6	-	B0+B2+B5+B7+closed
crates/contracts/src/protocol/client.rs	WorkflowSaveParams	struct	no-prod-caller	-	governed	-	-	-	executive|interact	executive|interact	Gateway protocol + dated legacy compat seam	CGP-01/CGP-02	D6	-	B0+B2+B5+B7+closed
crates/contracts/src/protocol/client.rs	WorkspaceRewindParams	struct	executive,interact	-	governed	-	-	-	executive|interact	executive|interact	Gateway protocol + dated legacy compat seam	CGP-01/CGP-02	D6	-	B0+B2+B5+B7+closed
crates/contracts/src/protocol/memory.rs	MemoryAuthorityV1	enum	no-prod-caller	-	governed	wire	-	-	executive|mnemosyne	executive|mnemosyne	Gateway protocol; Mnemosyne commands	D4+CGP-02	D6	-	B2+B3+B4+closed
crates/contracts/src/protocol/memory.rs	MemoryEvidenceV1	enum	no-prod-caller	-	governed	wire	-	-	executive|mnemosyne	executive|mnemosyne	Gateway protocol; Mnemosyne commands	D4+CGP-02	D6	-	B2+B3+B4+closed
crates/contracts/src/protocol/memory.rs	MemoryFeedbackReceiptV1	struct	no-prod-caller	-	governed	-	-	-	executive|mnemosyne	executive|mnemosyne	Gateway protocol; Mnemosyne commands	D4+CGP-02	D6	-	B2+B3+B4+closed
crates/contracts/src/protocol/memory.rs	MemoryFeedbackRequestV1	struct	no-prod-caller	-	governed	-	-	-	executive|mnemosyne	executive|mnemosyne	Gateway protocol; Mnemosyne commands	D4+CGP-02	D6	-	B2+B3+B4+closed
crates/contracts/src/protocol/memory.rs	MemoryFeedbackSignalV1	enum	no-prod-caller	-	governed	wire	-	-	executive|mnemosyne	executive|mnemosyne	Gateway protocol; Mnemosyne commands	D4+CGP-02	D6	-	B2+B3+B4+closed
crates/contracts/src/protocol/memory.rs	MemoryIntakeStatusV1	enum	no-prod-caller	-	governed	wire	-	-	executive|mnemosyne	executive|mnemosyne	Gateway protocol; Mnemosyne commands	D4+CGP-02	D6	-	B2+B3+B4+closed
crates/contracts/src/protocol/memory.rs	MemoryLifecycleReceiptV1	struct	no-prod-caller	-	governed	-	-	-	executive|mnemosyne	executive|mnemosyne	Gateway protocol; Mnemosyne commands	D4+CGP-02	D6	-	B2+B3+B4+closed
crates/contracts/src/protocol/memory.rs	MemoryLifecycleStateV1	enum	no-prod-caller	-	governed	wire	-	-	executive|mnemosyne	executive|mnemosyne	Gateway protocol; Mnemosyne commands	D4+CGP-02	D6	-	B2+B3+B4+closed
crates/contracts/src/protocol/memory.rs	MemoryObservationKindV1	enum	no-prod-caller	-	governed	wire	-	-	executive|mnemosyne	executive|mnemosyne	Gateway protocol; Mnemosyne commands	D4+CGP-02	D6	-	B2+B3+B4+closed
crates/contracts/src/protocol/memory.rs	MemoryObservationReceiptV1	struct	no-prod-caller	-	governed	-	-	-	executive|mnemosyne	executive|mnemosyne	Gateway protocol; Mnemosyne commands	D4+CGP-02	D6	-	B2+B3+B4+closed
crates/contracts/src/protocol/memory.rs	MemoryObservationRequestV1	struct	no-prod-caller	-	governed	-	-	-	executive|mnemosyne	executive|mnemosyne	Gateway protocol; Mnemosyne commands	D4+CGP-02	D6	-	B2+B3+B4+closed
crates/contracts/src/protocol/memory.rs	MemoryProjectionStateV1	enum	no-prod-caller	-	governed	wire	-	-	executive|mnemosyne	executive|mnemosyne	Gateway protocol; Mnemosyne commands	D4+CGP-02	D6	-	B2+B3+B4+closed
crates/contracts/src/protocol/memory.rs	MemoryProtocolValidationError	struct	no-prod-caller	-	governed	-	-	-	executive|mnemosyne	executive|mnemosyne	Gateway protocol; Mnemosyne commands	D4+CGP-02	D6	-	B2+B3+B4+closed
crates/contracts/src/protocol/memory.rs	MemoryRecallItemV1	struct	no-prod-caller	-	governed	-	-	-	executive|mnemosyne	executive|mnemosyne	Gateway protocol; Mnemosyne commands	D4+CGP-02	D6	-	B2+B3+B4+closed
crates/contracts/src/protocol/memory.rs	MemoryRecallRequestV1	struct	no-prod-caller	-	governed	-	-	-	executive|mnemosyne	executive|mnemosyne	Gateway protocol; Mnemosyne commands	D4+CGP-02	D6	-	B2+B3+B4+closed
crates/contracts/src/protocol/memory.rs	MemoryRecallResultV1	struct	no-prod-caller	-	governed	-	-	-	executive|mnemosyne	executive|mnemosyne	Gateway protocol; Mnemosyne commands	D4+CGP-02	D6	-	B2+B3+B4+closed
crates/contracts/src/protocol/memory.rs	MemoryReceiptGetRequestV1	struct	no-prod-caller	-	governed	-	-	-	executive|mnemosyne	executive|mnemosyne	Gateway protocol; Mnemosyne commands	D4+CGP-02	D6	-	B2+B3+B4+closed
crates/contracts/src/protocol/memory.rs	MemoryRecordKindV1	enum	no-prod-caller	-	governed	wire	-	-	executive|mnemosyne	executive|mnemosyne	Gateway protocol; Mnemosyne commands	D4+CGP-02	D6	-	B2+B3+B4+closed
crates/contracts/src/protocol/memory.rs	MemoryScopeKindV1	enum	no-prod-caller	-	governed	wire	-	-	executive|mnemosyne	executive|mnemosyne	Gateway protocol; Mnemosyne commands	D4+CGP-02	D6	-	B2+B3+B4+closed
crates/contracts/src/protocol/memory.rs	MemoryScopeViewV1	struct	no-prod-caller	-	governed	-	-	-	executive|mnemosyne	executive|mnemosyne	Gateway protocol; Mnemosyne commands	D4+CGP-02	D6	-	B2+B3+B4+closed
crates/contracts/src/protocol/memory.rs	MemoryScorecardV1	struct	no-prod-caller	-	governed	-	-	-	executive|mnemosyne	executive|mnemosyne	Gateway protocol; Mnemosyne commands	D4+CGP-02	D6	-	B2+B3+B4+closed
crates/contracts/src/protocol/memory.rs	MemorySensitivityV1	enum	no-prod-caller	-	governed	wire	-	-	executive|mnemosyne	executive|mnemosyne	Gateway protocol; Mnemosyne commands	D4+CGP-02	D6	-	B2+B3+B4+closed
crates/contracts/src/protocol/memory.rs	MemoryTemporalStateV1	enum	no-prod-caller	-	governed	wire	-	-	executive|mnemosyne	executive|mnemosyne	Gateway protocol; Mnemosyne commands	D4+CGP-02	D6	-	B2+B3+B4+closed
crates/contracts/src/protocol/memory.rs	MemoryWorkspaceBindRequestV1	struct	no-prod-caller	-	governed	-	-	-	executive|mnemosyne	executive|mnemosyne	Gateway protocol; Mnemosyne commands	D4+CGP-02	D6	-	B2+B3+B4+closed
crates/contracts/src/protocol/memory.rs	MemoryWorkspaceBindingPreviewV1	struct	no-prod-caller	-	governed	-	-	-	executive|mnemosyne	executive|mnemosyne	Gateway protocol; Mnemosyne commands	D4+CGP-02	D6	-	B2+B3+B4+closed
crates/contracts/src/protocol/memory.rs	MemoryWorkspaceBindingSpecV1	struct	no-prod-caller	-	governed	-	-	-	executive|mnemosyne	executive|mnemosyne	Gateway protocol; Mnemosyne commands	D4+CGP-02	D6	-	B2+B3+B4+closed
crates/contracts/src/protocol/memory.rs	MemoryWorkspaceBindingStateV1	enum	no-prod-caller	-	governed	wire	-	-	executive|mnemosyne	executive|mnemosyne	Gateway protocol; Mnemosyne commands	D4+CGP-02	D6	-	B2+B3+B4+closed
crates/contracts/src/protocol/memory.rs	MemoryWorkspaceBindingViewV1	struct	no-prod-caller	-	governed	-	-	-	executive|mnemosyne	executive|mnemosyne	Gateway protocol; Mnemosyne commands	D4+CGP-02	D6	-	B2+B3+B4+closed
crates/contracts/src/protocol/memory.rs	MemoryWorkspacePreviewBindRequestV1	struct	no-prod-caller	-	governed	-	-	-	executive|mnemosyne	executive|mnemosyne	Gateway protocol; Mnemosyne commands	D4+CGP-02	D6	-	B2+B3+B4+closed
crates/contracts/src/protocol/memory.rs	MemoryWorkspaceStateV1	enum	no-prod-caller	-	governed	wire	-	-	executive|mnemosyne	executive|mnemosyne	Gateway protocol; Mnemosyne commands	D4+CGP-02	D6	-	B2+B3+B4+closed
crates/contracts/src/protocol/memory.rs	MemoryWorkspaceUnbindRequestV1	struct	no-prod-caller	-	governed	-	-	-	executive|mnemosyne	executive|mnemosyne	Gateway protocol; Mnemosyne commands	D4+CGP-02	D6	-	B2+B3+B4+closed
crates/contracts/src/protocol/memory_maintenance.rs	MemoryMaintenanceBudgetV1	struct	no-prod-caller	-	governed	-	-	-	executive|interact	executive|interact	Gateway protocol; Mnemosyne maintenance	D4+CGP-02	D6	-	B2+B3+B4+closed
crates/contracts/src/protocol/memory_maintenance.rs	MemoryMaintenancePhaseV1	enum	no-prod-caller	-	governed	wire	-	-	executive|interact	executive|interact	Gateway protocol; Mnemosyne maintenance	D4+CGP-02	D6	-	B2+B3+B4+closed
crates/contracts/src/protocol/memory_maintenance.rs	MemoryMaintenanceRunReceiptV1	struct	no-prod-caller	-	governed	-	-	-	executive|interact	executive|interact	Gateway protocol; Mnemosyne maintenance	D4+CGP-02	D6	-	B2+B3+B4+closed
crates/contracts/src/protocol/memory_maintenance.rs	MemoryMaintenanceRunRequestV1	struct	no-prod-caller	-	governed	-	-	-	executive|interact	executive|interact	Gateway protocol; Mnemosyne maintenance	D4+CGP-02	D6	-	B2+B3+B4+closed
crates/contracts/src/protocol/memory_maintenance.rs	MemoryMaintenanceStatusRequestV1	struct	no-prod-caller	-	governed	-	-	-	executive|interact	executive|interact	Gateway protocol; Mnemosyne maintenance	D4+CGP-02	D6	-	B2+B3+B4+closed
crates/contracts/src/protocol/memory_maintenance.rs	MemoryMaintenanceStatusV1	struct	no-prod-caller	-	governed	-	-	-	executive|interact	executive|interact	Gateway protocol; Mnemosyne maintenance	D4+CGP-02	D6	-	B2+B3+B4+closed
crates/contracts/src/protocol/memory_maintenance.rs	MemoryMaintenanceTaskV1	struct	no-prod-caller	-	governed	-	-	-	executive|interact	executive|interact	Gateway protocol; Mnemosyne maintenance	D4+CGP-02	D6	-	B2+B3+B4+closed
crates/contracts/src/protocol/memory_maintenance.rs	MemorySemanticProposalV1	struct	no-prod-caller	-	governed	-	-	-	executive|interact	executive|interact	Gateway protocol; Mnemosyne maintenance	D4+CGP-02	D6	-	B2+B3+B4+closed
crates/contracts/src/types/admission.rs	AdmissionError	enum	no-prod-caller	-	governed	wire	-	-	Contracts IDs + Kernel admission	Contracts IDs + Kernel admission	Contracts IDs + Kernel admission	D1+K2/K3	D6	-	B0+B1+B3
crates/contracts/src/types/admission.rs	AdmissionRequest	struct	no-prod-caller	-	governed	-	-	-	Contracts IDs + Kernel admission	Contracts IDs + Kernel admission	Contracts IDs + Kernel admission	D1+K2/K3	D6	-	B0+B1+B3
crates/contracts/src/types/admission.rs	AuditEventId	struct	no-prod-caller	-	governed	-	-	-	Contracts IDs + Kernel admission	Contracts IDs + Kernel admission	Contracts IDs + Kernel admission	D1+K2/K3	D6	-	B0+B1+B3
crates/contracts/src/types/admission.rs	BudgetRequest	struct	no-prod-caller	-	governed	-	-	-	Contracts IDs + Kernel admission	Contracts IDs + Kernel admission	Contracts IDs + Kernel admission	D1+K2/K3	D6	-	B0+B1+B3
crates/contracts/src/types/admission.rs	BudgetReservationId	struct	no-prod-caller	-	governed	-	-	-	Contracts IDs + Kernel admission	Contracts IDs + Kernel admission	Contracts IDs + Kernel admission	D1+K2/K3	D6	-	B0+B1+B3
crates/contracts/src/types/admission.rs	BudgetReservationReceipt	struct	no-prod-caller	-	governed	-	-	-	Contracts IDs + Kernel admission	Contracts IDs + Kernel admission	Contracts IDs + Kernel admission	D1+K2/K3	D6	-	B0+B1+B3
crates/contracts/src/types/admission.rs	BudgetScope	struct	no-prod-caller	-	governed	-	-	-	Contracts IDs + Kernel admission	Contracts IDs + Kernel admission	Contracts IDs + Kernel admission	D1+K2/K3	D6	-	B0+B1+B3
crates/contracts/src/types/admission.rs	BudgetScopeId	struct	no-prod-caller	-	governed	-	-	-	Contracts IDs + Kernel admission	Contracts IDs + Kernel admission	Contracts IDs + Kernel admission	D1+K2/K3	D6	-	B0+B1+B3
crates/contracts/src/types/admission.rs	BudgetScopeKind	enum	no-prod-caller	-	governed	wire	-	-	Contracts IDs + Kernel admission	Contracts IDs + Kernel admission	Contracts IDs + Kernel admission	D1+K2/K3	D6	-	B0+B1+B3
crates/contracts/src/types/admission.rs	BudgetTransferReceipt	struct	no-prod-caller	-	governed	-	-	-	Contracts IDs + Kernel admission	Contracts IDs + Kernel admission	Contracts IDs + Kernel admission	D1+K2/K3	D6	-	B0+B1+B3
crates/contracts/src/types/admission.rs	CapabilityId	struct	no-prod-caller	-	governed	-	-	-	Contracts IDs + Kernel admission	Contracts IDs + Kernel admission	Contracts IDs + Kernel admission	D1+K2/K3	D6	-	B0+B1+B3
crates/contracts/src/types/admission.rs	CapabilityScope	struct	no-prod-caller	-	governed	-	-	-	Contracts IDs + Kernel admission	Contracts IDs + Kernel admission	Contracts IDs + Kernel admission	D1+K2/K3	D6	-	B0+B1+B3
crates/contracts/src/types/admission.rs	ExecutionPermit	struct	no-prod-caller	-	governed	-	-	-	Contracts IDs + Kernel admission	Contracts IDs + Kernel admission	Contracts IDs + Kernel admission	D1+K2/K3	D6	-	B0+B1+B3
crates/contracts/src/types/admission.rs	LeaseRequest	struct	no-prod-caller	-	governed	-	-	-	Contracts IDs + Kernel admission	Contracts IDs + Kernel admission	Contracts IDs + Kernel admission	D1+K2/K3	D6	-	B0+B1+B3
crates/contracts/src/types/admission.rs	PermitId	struct	no-prod-caller	-	governed	-	-	-	Contracts IDs + Kernel admission	Contracts IDs + Kernel admission	Contracts IDs + Kernel admission	D1+K2/K3	D6	-	B0+B1+B3
crates/contracts/src/types/admission.rs	PrincipalId	struct	no-prod-caller	-	governed	-	-	-	Contracts IDs + Kernel admission	Contracts IDs + Kernel admission	Contracts IDs + Kernel admission	D1+K2/K3	D6	-	B0+B1+B3
crates/contracts/src/types/admission.rs	ResourceLeaseId	struct	no-prod-caller	-	governed	-	-	-	Contracts IDs + Kernel admission	Contracts IDs + Kernel admission	Contracts IDs + Kernel admission	D1+K2/K3	D6	-	B0+B1+B3
crates/contracts/src/types/admission.rs	RevokeReason	enum	no-prod-caller	-	governed	wire	-	-	Contracts IDs + Kernel admission	Contracts IDs + Kernel admission	Contracts IDs + Kernel admission	D1+K2/K3	D6	-	B0+B1+B3
crates/contracts/src/types/admission.rs	RiskLevel	enum	no-prod-caller	-	governed	wire	-	-	Contracts IDs + Kernel admission	Contracts IDs + Kernel admission	Contracts IDs + Kernel admission	D1+K2/K3	D6	-	B0+B1+B3
crates/contracts/src/types/admission.rs	SandboxDecision	enum	no-prod-caller	-	governed	wire	-	-	Contracts IDs + Kernel admission	Contracts IDs + Kernel admission	Contracts IDs + Kernel admission	D1+K2/K3	D6	-	B0+B1+B3
crates/contracts/src/types/admission.rs	SandboxRequirement	enum	no-prod-caller	-	governed	wire	-	-	Contracts IDs + Kernel admission	Contracts IDs + Kernel admission	Contracts IDs + Kernel admission	D1+K2/K3	D6	-	B0+B1+B3
crates/contracts/src/types/admission.rs	UsageReport	struct	no-prod-caller	-	governed	-	-	-	Contracts IDs + Kernel admission	Contracts IDs + Kernel admission	Contracts IDs + Kernel admission	D1+K2/K3	D6	-	B0+B1+B3
crates/contracts/src/types/agent_control.rs	AgentApprovalPolicy	enum	no-prod-caller	-	governed	wire	-	-	corpus|executive	corpus|executive	Runtime command/query	RA-01/RA-03	D6	-	B0+B1+B2+closed
crates/contracts/src/types/agent_control.rs	AgentArtifact	struct	no-prod-caller	-	governed	-	-	-	corpus|executive	corpus|executive	Runtime command/query	RA-01/RA-03	D6	-	B0+B1+B2+closed
crates/contracts/src/types/agent_control.rs	AgentAttenuationReport	struct	no-prod-caller	-	governed	-	-	-	corpus|executive	corpus|executive	Runtime command/query	RA-01/RA-03	D6	-	B0+B1+B2+closed
crates/contracts/src/types/agent_control.rs	AgentBroadcastRef	struct	no-prod-caller	-	governed	-	-	-	corpus|executive	corpus|executive	Runtime command/query	RA-01/RA-03	D6	-	B0+B1+B2+closed
crates/contracts/src/types/agent_control.rs	AgentBudget	struct	no-prod-caller	-	governed	-	-	-	corpus|executive	corpus|executive	Runtime command/query	RA-01/RA-03	D6	-	B0+B1+B2+closed
crates/contracts/src/types/agent_control.rs	AgentBudgetField	enum	no-prod-caller	-	governed	wire	-	-	corpus|executive	corpus|executive	Runtime command/query	RA-01/RA-03	D6	-	B0+B1+B2+closed
crates/contracts/src/types/agent_control.rs	AgentContextFork	enum	no-prod-caller	-	governed	wire	-	-	corpus|executive	corpus|executive	Runtime command/query	RA-01/RA-03	D6	-	B0+B1+B2+closed
crates/contracts/src/types/agent_control.rs	AgentControlError	struct	no-prod-caller	-	governed	-	-	-	corpus|executive	corpus|executive	Runtime command/query	RA-01/RA-03	D6	-	B0+B1+B2+closed
crates/contracts/src/types/agent_control.rs	AgentControlErrorKind	enum	no-prod-caller	-	governed	wire	-	-	corpus|executive	corpus|executive	Runtime command/query	RA-01/RA-03	D6	-	B0+B1+B2+closed
crates/contracts/src/types/agent_control.rs	AgentControlMessage	struct	no-prod-caller	-	governed	-	-	-	corpus|executive	corpus|executive	Runtime command/query	RA-01/RA-03	D6	-	B0+B1+B2+closed
crates/contracts/src/types/agent_control.rs	AgentControlPort	trait	no-prod-caller	-	governed	-	-	-	corpus|executive	corpus|executive	Runtime command/query	RA-01/RA-03	D6	-	B0+B1+B2+closed
crates/contracts/src/types/agent_control.rs	AgentDelegationAuthority	struct	no-prod-caller	-	governed	-	-	-	corpus|executive	corpus|executive	Runtime command/query	RA-01/RA-03	D6	-	B0+B1+B2+closed
crates/contracts/src/types/agent_control.rs	AgentHandle	struct	no-prod-caller	-	governed	-	-	-	corpus|executive	corpus|executive	Runtime command/query	RA-01/RA-03	D6	-	B0+B1+B2+closed
crates/contracts/src/types/agent_control.rs	AgentListRequest	struct	no-prod-caller	-	governed	-	-	-	corpus|executive	corpus|executive	Runtime command/query	RA-01/RA-03	D6	-	B0+B1+B2+closed
crates/contracts/src/types/agent_control.rs	AgentMessageDeliveryState	enum	no-prod-caller	-	governed	wire	-	-	corpus|executive	corpus|executive	Runtime command/query	RA-01/RA-03	D6	-	B0+B1+B2+closed
crates/contracts/src/types/agent_control.rs	AgentMessageKind	enum	no-prod-caller	-	governed	wire	-	-	corpus|executive	corpus|executive	Runtime command/query	RA-01/RA-03	D6	-	B0+B1+B2+closed
crates/contracts/src/types/agent_control.rs	AgentMessagePayload	struct	no-prod-caller	-	governed	-	-	-	corpus|executive	corpus|executive	Runtime command/query	RA-01/RA-03	D6	-	B0+B1+B2+closed
crates/contracts/src/types/agent_control.rs	AgentProfile	struct	no-prod-caller	-	governed	-	-	-	corpus|executive	corpus|executive	Runtime command/query	RA-01/RA-03	D6	-	B0+B1+B2+closed
crates/contracts/src/types/agent_control.rs	AgentRecoveryDecision	enum	no-prod-caller	-	governed	wire	-	-	corpus|executive	corpus|executive	Runtime command/query	RA-01/RA-03	D6	-	B0+B1+B2+closed
crates/contracts/src/types/agent_control.rs	AgentRecoveryReceipt	struct	no-prod-caller	-	governed	-	-	-	corpus|executive	corpus|executive	Runtime command/query	RA-01/RA-03	D6	-	B0+B1+B2+closed
crates/contracts/src/types/agent_control.rs	AgentResult	struct	no-prod-caller	-	governed	-	-	-	corpus|executive	corpus|executive	Runtime command/query	RA-01/RA-03	D6	-	B0+B1+B2+closed
crates/contracts/src/types/agent_control.rs	AgentRunStatus	enum	no-prod-caller	-	governed	wire	-	-	corpus|executive	corpus|executive	Runtime command/query	RA-01/RA-03	D6	-	B0+B1+B2+closed
crates/contracts/src/types/agent_control.rs	AgentRuntimeCapability	enum	no-prod-caller	-	governed	wire	-	-	corpus|executive	corpus|executive	Runtime command/query	RA-01/RA-03	D6	-	B0+B1+B2+closed
crates/contracts/src/types/agent_control.rs	AgentSendRequest	struct	no-prod-caller	-	governed	-	-	-	corpus|executive	corpus|executive	Runtime command/query	RA-01/RA-03	D6	-	B0+B1+B2+closed
crates/contracts/src/types/agent_control.rs	AgentSnapshot	struct	no-prod-caller	-	governed	-	-	-	corpus|executive	corpus|executive	Runtime command/query	RA-01/RA-03	D6	-	B0+B1+B2+closed
crates/contracts/src/types/agent_control.rs	AgentSpawnIntent	struct	no-prod-caller	-	governed	-	-	-	corpus|executive	corpus|executive	Runtime command/query	RA-01/RA-03	D6	-	B0+B1+B2+closed
crates/contracts/src/types/agent_control.rs	AgentSpawnRequest	struct	no-prod-caller	-	governed	-	-	-	corpus|executive	corpus|executive	Runtime command/query	RA-01/RA-03	D6	-	B0+B1+B2+closed
crates/contracts/src/types/agent_control.rs	AgentTaskId	struct	no-prod-caller	-	governed	-	-	-	corpus|executive	corpus|executive	Runtime command/query	RA-01/RA-03	D6	-	B0+B1+B2+closed
crates/contracts/src/types/agent_control.rs	AgentWaitRequest	struct	no-prod-caller	-	governed	-	-	-	corpus|executive	corpus|executive	Runtime command/query	RA-01/RA-03	D6	-	B0+B1+B2+closed
crates/contracts/src/types/agent_control.rs	AgentWorkspaceMode	enum	no-prod-caller	-	governed	wire	-	-	corpus|executive	corpus|executive	Runtime command/query	RA-01/RA-03	D6	-	B0+B1+B2+closed
crates/contracts/src/types/agent_control.rs	ParentRestriction	enum	no-prod-caller	-	governed	wire	-	-	corpus|executive	corpus|executive	Runtime command/query	RA-01/RA-03	D6	-	B0+B1+B2+closed
crates/contracts/src/types/agent_control.rs	RiskTier	enum	no-prod-caller	-	governed	wire	-	-	corpus|executive	corpus|executive	Runtime command/query	RA-01/RA-03	D6	-	B0+B1+B2+closed
crates/contracts/src/types/agent_control.rs	RuntimeResumability	enum	no-prod-caller	-	governed	wire	-	-	corpus|executive	corpus|executive	Runtime command/query	RA-01/RA-03	D6	-	B0+B1+B2+closed
crates/contracts/src/types/agent_settlement.rs	AgentResourceClass	enum	no-prod-caller	-	governed	wire	-	-	executive	executive	Runtime + Kernel resource/process	RA-03+K1	D6	-	B0+B1+B4+closed
crates/contracts/src/types/agent_settlement.rs	BackgroundResourceDecl	struct	no-prod-caller	-	governed	-	-	-	executive	executive	Runtime + Kernel resource/process	RA-03+K1	D6	-	B0+B1+B4+closed
crates/contracts/src/types/agent_settlement.rs	ReparentContext	struct	no-prod-caller	-	governed	-	-	-	executive	executive	Runtime + Kernel resource/process	RA-03+K1	D6	-	B0+B1+B4+closed
crates/contracts/src/types/agent_settlement.rs	ReparentReceipt	struct	no-prod-caller	-	governed	-	-	-	executive	executive	Runtime + Kernel resource/process	RA-03+K1	D6	-	B0+B1+B4+closed
crates/contracts/src/types/agent_settlement.rs	SettlementPhase	enum	no-prod-caller	-	governed	wire	-	-	executive	executive	Runtime + Kernel resource/process	RA-03+K1	D6	-	B0+B1+B4+closed
crates/contracts/src/types/agent_settlement.rs	SettlementReceipt	struct	no-prod-caller	-	governed	-	-	-	executive	executive	Runtime + Kernel resource/process	RA-03+K1	D6	-	B0+B1+B4+closed
crates/contracts/src/types/agent_settlement.rs	SettlementTerminal	enum	no-prod-caller	-	governed	wire	-	-	executive	executive	Runtime + Kernel resource/process	RA-03+K1	D6	-	B0+B1+B4+closed
crates/contracts/src/types/approval.rs	ApprovalArtifactRef	struct	no-prod-caller	-	governed	-	-	-	corpus|executive	corpus|executive	Application approval + Kernel authorization evidence	APX-02+K3	D6	-	B0+B1+B3+B4+closed
crates/contracts/src/types/approval.rs	ApprovalCategory	enum	no-prod-caller	-	governed	wire	-	-	corpus|executive	corpus|executive	Application approval + Kernel authorization evidence	APX-02+K3	D6	-	B0+B1+B3+B4+closed
crates/contracts/src/types/approval.rs	ApprovalContractError	enum	no-prod-caller	-	governed	wire	-	-	corpus|executive	corpus|executive	Application approval + Kernel authorization evidence	APX-02+K3	D6	-	B0+B1+B3+B4+closed
crates/contracts/src/types/approval.rs	ApprovalId	struct	no-prod-caller	-	governed	-	-	-	corpus|executive	corpus|executive	Application approval + Kernel authorization evidence	APX-02+K3	D6	-	B0+B1+B3+B4+closed
crates/contracts/src/types/approval.rs	ApprovalResolution	struct	no-prod-caller	-	governed	-	-	-	corpus|executive	corpus|executive	Application approval + Kernel authorization evidence	APX-02+K3	D6	-	B0+B1+B3+B4+closed
crates/contracts/src/types/approval.rs	ApprovalRisk	enum	no-prod-caller	-	governed	wire	-	-	corpus|executive	corpus|executive	Application approval + Kernel authorization evidence	APX-02+K3	D6	-	B0+B1+B3+B4+closed
crates/contracts/src/types/approval.rs	ApprovalSnapshot	struct	no-prod-caller	-	governed	-	-	-	corpus|executive	corpus|executive	Application approval + Kernel authorization evidence	APX-02+K3	D6	-	B0+B1+B3+B4+closed
crates/contracts/src/types/approval.rs	ApprovalStatus	enum	no-prod-caller	-	governed	wire	-	-	corpus|executive	corpus|executive	Application approval + Kernel authorization evidence	APX-02+K3	D6	-	B0+B1+B3+B4+closed
crates/contracts/src/types/approval.rs	ApprovalSubject	struct	no-prod-caller	-	governed	-	-	-	corpus|executive	corpus|executive	Application approval + Kernel authorization evidence	APX-02+K3	D6	-	B0+B1+B3+B4+closed
crates/contracts/src/types/attempt.rs	AttemptEvidence	struct	no-prod-caller	-	governed	-	-	-	agora|executive	agora|executive	Runtime delegation + Cognit run	RA-05+D2	D6	-	B0+B1+B4+closed
crates/contracts/src/types/attempt.rs	AttemptId	struct	no-prod-caller	-	governed	-	-	-	agora|executive	agora|executive	Runtime delegation + Cognit run	RA-05+D2	D6	-	B0+B1+B4+closed
crates/contracts/src/types/attempt.rs	AttemptStatus	enum	no-prod-caller	-	governed	wire	-	-	agora|executive	agora|executive	Runtime delegation + Cognit run	RA-05+D2	D6	-	B0+B1+B4+closed
crates/contracts/src/types/attempt.rs	AttemptUsage	struct	no-prod-caller	-	governed	-	-	-	agora|executive	agora|executive	Runtime delegation + Cognit run	RA-05+D2	D6	-	B0+B1+B4+closed
crates/contracts/src/types/attempt.rs	CognitiveRole	enum	no-prod-caller	-	governed	wire	-	-	agora|executive	agora|executive	Runtime delegation + Cognit run	RA-05+D2	D6	-	B0+B1+B4+closed
crates/contracts/src/types/attempt.rs	FailureClass	enum	no-prod-caller	-	governed	wire	-	-	agora|executive	agora|executive	Runtime delegation + Cognit run	RA-05+D2	D6	-	B0+B1+B4+closed
crates/contracts/src/types/attempt.rs	RuntimeFailure	struct	no-prod-caller	-	governed	-	-	-	agora|executive	agora|executive	Runtime delegation + Cognit run	RA-05+D2	D6	-	B0+B1+B4+closed
crates/contracts/src/types/attempt.rs	RuntimeId	struct	no-prod-caller	-	governed	-	-	-	agora|executive	agora|executive	Runtime delegation + Cognit run	RA-05+D2	D6	-	B0+B1+B4+closed
crates/contracts/src/types/attempt.rs	RuntimeObservability	struct	no-prod-caller	-	governed	-	-	-	agora|executive	agora|executive	Runtime delegation + Cognit run	RA-05+D2	D6	-	B0+B1+B4+closed
crates/contracts/src/types/attempt.rs	RuntimeResult	struct	no-prod-caller	-	governed	-	-	-	agora|executive	agora|executive	Runtime delegation + Cognit run	RA-05+D2	D6	-	B0+B1+B4+closed
crates/contracts/src/types/capability.rs	Capability	struct	no-prod-caller	-	governed	-	-	-	Corpus catalog + Kernel descriptor	Corpus catalog + Kernel descriptor	Corpus catalog + Kernel descriptor	D5+K2	D6	-	B0+B1+B3
crates/contracts/src/types/capability.rs	CapabilityLevel	enum	no-prod-caller	-	governed	wire	-	-	Corpus catalog + Kernel descriptor	Corpus catalog + Kernel descriptor	Corpus catalog + Kernel descriptor	D5+K2	D6	-	B0+B1+B3
crates/contracts/src/types/capability.rs	CapabilitySet	struct	no-prod-caller	-	governed	-	-	-	Corpus catalog + Kernel descriptor	Corpus catalog + Kernel descriptor	Corpus catalog + Kernel descriptor	D5+K2	D6	-	B0+B1+B3
crates/contracts/src/types/change_transaction.rs	ActiveCommandLease	struct	no-prod-caller	-	governed	-	-	-	corpus	corpus	Application review + Kernel operation	APX-04+K1	D6	-	B0+B1+B4+closed
crates/contracts/src/types/change_transaction.rs	ChangeTransactionId	struct	no-prod-caller	-	governed	-	-	-	corpus	corpus	Application review + Kernel operation	APX-04+K1	D6	-	B0+B1+B4+closed
crates/contracts/src/types/change_transaction.rs	ChangeTransactionPhase	enum	no-prod-caller	-	governed	wire	-	-	corpus	corpus	Application review + Kernel operation	APX-04+K1	D6	-	B0+B1+B4+closed
crates/contracts/src/types/change_transaction.rs	ChangeTransactionSnapshot	struct	no-prod-caller	-	governed	-	-	-	corpus	corpus	Application review + Kernel operation	APX-04+K1	D6	-	B0+B1+B4+closed
crates/contracts/src/types/change_transaction.rs	ChangedRange	struct	no-prod-caller	-	governed	-	-	-	corpus	corpus	Application review + Kernel operation	APX-04+K1	D6	-	B0+B1+B4+closed
crates/contracts/src/types/change_transaction.rs	MutationCoverage	enum	corpus,executive	-	governed	wire	-	-	corpus	corpus	Application review + Kernel operation	APX-04+K1	D6	-	B0+B1+B4+closed
crates/contracts/src/types/change_transaction.rs	ValidationImpact	enum	no-prod-caller	-	governed	wire	-	-	corpus	corpus	Application review + Kernel operation	APX-04+K1	D6	-	B0+B1+B4+closed
crates/contracts/src/types/change_transaction.rs	ValidationPlanOmission	struct	no-prod-caller	-	governed	-	-	-	corpus	corpus	Application review + Kernel operation	APX-04+K1	D6	-	B0+B1+B4+closed
crates/contracts/src/types/change_transaction.rs	ValidationPlanStep	struct	no-prod-caller	-	governed	-	-	-	corpus	corpus	Application review + Kernel operation	APX-04+K1	D6	-	B0+B1+B4+closed
crates/contracts/src/types/change_transaction.rs	ValidationRisk	enum	no-prod-caller	-	governed	wire	-	-	corpus	corpus	Application review + Kernel operation	APX-04+K1	D6	-	B0+B1+B4+closed
crates/contracts/src/types/change_transaction.rs	VersionedValidationReceipt	struct	no-prod-caller	-	governed	-	-	-	corpus	corpus	Application review + Kernel operation	APX-04+K1	D6	-	B0+B1+B4+closed
crates/contracts/src/types/change_transaction.rs	WorkFailure	struct	no-prod-caller	-	governed	-	-	-	corpus	corpus	Application review + Kernel operation	APX-04+K1	D6	-	B0+B1+B4+closed
crates/contracts/src/types/change_transaction.rs	WorkFailureClass	enum	no-prod-caller	-	governed	wire	-	-	corpus	corpus	Application review + Kernel operation	APX-04+K1	D6	-	B0+B1+B4+closed
crates/contracts/src/types/change_transaction.rs	WorkRecoveryDirective	enum	no-prod-caller	-	governed	wire	-	-	corpus	corpus	Application review + Kernel operation	APX-04+K1	D6	-	B0+B1+B4+closed
crates/contracts/src/types/change_transaction.rs	WorkspaceVersion	struct	no-prod-caller	-	governed	-	-	-	corpus	corpus	Application review + Kernel operation	APX-04+K1	D6	-	B0+B1+B4+closed
crates/contracts/src/types/change_transaction.rs	WorkspaceVersionBasis	enum	no-prod-caller	-	governed	wire	-	-	corpus	corpus	Application review + Kernel operation	APX-04+K1	D6	-	B0+B1+B4+closed
crates/contracts/src/types/coding_job.rs	ChangedFile	struct	no-prod-caller	-	governed	-	-	-	corpus|executive	corpus|executive	Application coding DTO + Linux/fs adapter + Runtime command + Kernel operation	APX-03+RA-01+K1	D6	-	B0+B1+B3+B4+B5+closed
crates/contracts/src/types/coding_job.rs	ChangedFileKind	enum	no-prod-caller	-	governed	wire	-	-	corpus|executive	corpus|executive	Application coding DTO + Linux/fs adapter + Runtime command + Kernel operation	APX-03+RA-01+K1	D6	-	B0+B1+B3+B4+B5+closed
crates/contracts/src/types/coding_job.rs	CodingAttemptRequest	struct	executive	goal attempt coordinator	governed	-	-	-	executive	executive	Contracts coding command	APX-03+RA-01	D6	-	B0+B1+B4+closed
crates/contracts/src/types/coding_job.rs	CodingJobId	struct	no-prod-caller	-	governed	-	-	-	corpus|executive	corpus|executive	Application coding DTO + Linux/fs adapter + Runtime command + Kernel operation	APX-03+RA-01+K1	D6	-	B0+B1+B3+B4+B5+closed
crates/contracts/src/types/coding_job.rs	CodingJobReport	struct	no-prod-caller	-	governed	-	-	-	corpus|executive	corpus|executive	Application coding DTO + Linux/fs adapter + Runtime command + Kernel operation	APX-03+RA-01+K1	D6	-	B0+B1+B3+B4+B5+closed
crates/contracts/src/types/coding_job.rs	CodingJobSpec	struct	no-prod-caller	-	governed	-	-	-	corpus|executive	corpus|executive	Application coding DTO + Linux/fs adapter + Runtime command + Kernel operation	APX-03+RA-01+K1	D6	-	B0+B1+B3+B4+B5+closed
crates/contracts/src/types/coding_job.rs	CodingJobStatus	enum	no-prod-caller	-	governed	wire	-	-	corpus|executive	corpus|executive	Application coding DTO + Linux/fs adapter + Runtime command + Kernel operation	APX-03+RA-01+K1	D6	-	B0+B1+B3+B4+B5+closed
crates/contracts/src/types/coding_job.rs	CodingJobValidationError	enum	no-prod-caller	-	governed	wire	-	-	corpus|executive	corpus|executive	Application coding DTO + Linux/fs adapter + Runtime command + Kernel operation	APX-03+RA-01+K1	D6	-	B0+B1+B3+B4+B5+closed
crates/contracts/src/types/coding_job.rs	CodingNetworkPolicy	enum	no-prod-caller	-	governed	wire	-	-	corpus|executive	corpus|executive	Application coding DTO + Linux/fs adapter + Runtime command + Kernel operation	APX-03+RA-01+K1	D6	-	B0+B1+B3+B4+B5+closed
crates/contracts/src/types/coding_job.rs	VerificationCheck	struct	no-prod-caller	-	governed	-	-	-	corpus|executive	corpus|executive	Application coding DTO + Linux/fs adapter + Runtime command + Kernel operation	APX-03+RA-01+K1	D6	-	B0+B1+B3+B4+B5+closed
crates/contracts/src/types/coding_job.rs	VerificationReport	struct	no-prod-caller	-	governed	-	-	-	corpus|executive	corpus|executive	Application coding DTO + Linux/fs adapter + Runtime command + Kernel operation	APX-03+RA-01+K1	D6	-	B0+B1+B3+B4+B5+closed
crates/contracts/src/types/coding_job.rs	VerificationSeverity	enum	no-prod-caller	-	governed	wire	-	-	corpus|executive	corpus|executive	Application coding DTO + Linux/fs adapter + Runtime command + Kernel operation	APX-03+RA-01+K1	D6	-	B0+B1+B3+B4+B5+closed
crates/contracts/src/types/coding_job.rs	WorkspaceBoundary	struct	no-prod-caller	-	governed	-	-	-	corpus|executive	corpus|executive	Application coding DTO + Linux/fs adapter + Runtime command + Kernel operation	APX-03+RA-01+K1	D6	-	B0+B1+B3+B4+B5+closed
crates/contracts/src/types/cognitive_workflow.rs	AgentResultReceipt	struct	no-prod-caller	-	frozen	-	-	-	agora	agora	INVESTIGATE：有证据的 per-Turn policy 才归 Cognit、delegate lifecycle 才归 Runtime；installed caller 为零则 DELETE	-	D6	-	B0+B1+B3+B4+B7+closed
crates/contracts/src/types/cognitive_workflow.rs	AgentTaskPacket	struct	no-prod-caller	-	frozen	-	-	-	agora	agora	INVESTIGATE：有证据的 per-Turn policy 才归 Cognit、delegate lifecycle 才归 Runtime；installed caller 为零则 DELETE	-	D6	-	B0+B1+B3+B4+B7+closed
crates/contracts/src/types/cognitive_workflow.rs	AgoraProjectionReceipt	struct	no-prod-caller	-	frozen	-	-	-	agora	agora	INVESTIGATE：有证据的 per-Turn policy 才归 Cognit、delegate lifecycle 才归 Runtime；installed caller 为零则 DELETE	-	D6	-	B0+B1+B3+B4+B7+closed
crates/contracts/src/types/cognitive_workflow.rs	AgoraProjectionRequest	struct	no-prod-caller	-	frozen	-	-	-	agora	agora	INVESTIGATE：有证据的 per-Turn policy 才归 Cognit、delegate lifecycle 才归 Runtime；installed caller 为零则 DELETE	-	D6	-	B0+B1+B3+B4+B7+closed
crates/contracts/src/types/cognitive_workflow.rs	AgoraTaskList	struct	no-prod-caller	-	frozen	-	-	-	agora	agora	INVESTIGATE：有证据的 per-Turn policy 才归 Cognit、delegate lifecycle 才归 Runtime；installed caller 为零则 DELETE	-	D6	-	B0+B1+B3+B4+B7+closed
crates/contracts/src/types/cognitive_workflow.rs	AgoraTaskProjection	struct	no-prod-caller	-	frozen	-	-	-	agora	agora	INVESTIGATE：有证据的 per-Turn policy 才归 Cognit、delegate lifecycle 才归 Runtime；installed caller 为零则 DELETE	-	D6	-	B0+B1+B3+B4+B7+closed
crates/contracts/src/types/cognitive_workflow.rs	ArtifactLifecycle	enum	no-prod-caller	-	frozen	wire	-	-	agora	agora	INVESTIGATE：有证据的 per-Turn policy 才归 Cognit、delegate lifecycle 才归 Runtime；installed caller 为零则 DELETE	-	D6	-	B0+B1+B3+B4+B7+closed
crates/contracts/src/types/cognitive_workflow.rs	ClarificationId	struct	no-prod-caller	-	frozen	-	-	-	agora	agora	INVESTIGATE：有证据的 per-Turn policy 才归 Cognit、delegate lifecycle 才归 Runtime；installed caller 为零则 DELETE	-	D6	-	B0+B1+B3+B4+B7+closed
crates/contracts/src/types/cognitive_workflow.rs	ClarificationRecord	struct	no-prod-caller	-	frozen	-	-	-	agora	agora	INVESTIGATE：有证据的 per-Turn policy 才归 Cognit、delegate lifecycle 才归 Runtime；installed caller 为零则 DELETE	-	D6	-	B0+B1+B3+B4+B7+closed
crates/contracts/src/types/cognitive_workflow.rs	ClarificationState	enum	no-prod-caller	-	frozen	wire	-	-	agora	agora	INVESTIGATE：有证据的 per-Turn policy 才归 Cognit、delegate lifecycle 才归 Runtime；installed caller 为零则 DELETE	-	D6	-	B0+B1+B3+B4+B7+closed
crates/contracts/src/types/cognitive_workflow.rs	CognitiveArtifact	enum	no-prod-caller	-	frozen	wire	-	-	agora	agora	INVESTIGATE：有证据的 per-Turn policy 才归 Cognit、delegate lifecycle 才归 Runtime；installed caller 为零则 DELETE	-	D6	-	B0+B1+B3+B4+B7+closed
crates/contracts/src/types/cognitive_workflow.rs	CognitiveArtifactEnvelope	struct	no-prod-caller	-	frozen	-	-	-	agora	agora	INVESTIGATE：有证据的 per-Turn policy 才归 Cognit、delegate lifecycle 才归 Runtime；installed caller 为零则 DELETE	-	D6	-	B0+B1+B3+B4+B7+closed
crates/contracts/src/types/cognitive_workflow.rs	CognitiveArtifactId	struct	no-prod-caller	-	frozen	-	-	-	agora	agora	INVESTIGATE：有证据的 per-Turn policy 才归 Cognit、delegate lifecycle 才归 Runtime；installed caller 为零则 DELETE	-	D6	-	B0+B1+B3+B4+B7+closed
crates/contracts/src/types/cognitive_workflow.rs	CognitiveArtifactKind	enum	no-prod-caller	-	frozen	wire	-	-	agora	agora	INVESTIGATE：有证据的 per-Turn policy 才归 Cognit、delegate lifecycle 才归 Runtime；installed caller 为零则 DELETE	-	D6	-	B0+B1+B3+B4+B7+closed
crates/contracts/src/types/cognitive_workflow.rs	CognitiveChangeSetReceipt	struct	no-prod-caller	-	frozen	-	-	-	agora	agora	INVESTIGATE：有证据的 per-Turn policy 才归 Cognit、delegate lifecycle 才归 Runtime；installed caller 为零则 DELETE	-	D6	-	B0+B1+B3+B4+B7+closed
crates/contracts/src/types/cognitive_workflow.rs	CognitiveCheckpoint	struct	no-prod-caller	-	frozen	-	-	-	agora	agora	INVESTIGATE：有证据的 per-Turn policy 才归 Cognit、delegate lifecycle 才归 Runtime；installed caller 为零则 DELETE	-	D6	-	B0+B1+B3+B4+B7+closed
crates/contracts/src/types/cognitive_workflow.rs	CognitiveEvidenceRecord	struct	no-prod-caller	-	frozen	-	-	-	agora	agora	INVESTIGATE：有证据的 per-Turn policy 才归 Cognit、delegate lifecycle 才归 Runtime；installed caller 为零则 DELETE	-	D6	-	B0+B1+B3+B4+B7+closed
crates/contracts/src/types/cognitive_workflow.rs	CognitiveInterruptionId	struct	no-prod-caller	-	frozen	-	-	-	agora	agora	INVESTIGATE：有证据的 per-Turn policy 才归 Cognit、delegate lifecycle 才归 Runtime；installed caller 为零则 DELETE	-	D6	-	B0+B1+B3+B4+B7+closed
crates/contracts/src/types/cognitive_workflow.rs	CognitiveInterruptionReason	enum	no-prod-caller	-	frozen	wire	-	-	agora	agora	INVESTIGATE：有证据的 per-Turn policy 才归 Cognit、delegate lifecycle 才归 Runtime；installed caller 为零则 DELETE	-	D6	-	B0+B1+B3+B4+B7+closed
crates/contracts/src/types/cognitive_workflow.rs	CognitiveInterruptionRecord	struct	no-prod-caller	-	frozen	-	-	-	agora	agora	INVESTIGATE：有证据的 per-Turn policy 才归 Cognit、delegate lifecycle 才归 Runtime；installed caller 为零则 DELETE	-	D6	-	B0+B1+B3+B4+B7+closed
crates/contracts/src/types/cognitive_workflow.rs	CognitivePlanArtifact	struct	no-prod-caller	-	frozen	-	-	-	agora	agora	INVESTIGATE：有证据的 per-Turn policy 才归 Cognit、delegate lifecycle 才归 Runtime；installed caller 为零则 DELETE	-	D6	-	B0+B1+B3+B4+B7+closed
crates/contracts/src/types/cognitive_workflow.rs	CognitivePlanArtifactStep	struct	no-prod-caller	-	frozen	-	-	-	agora	agora	INVESTIGATE：有证据的 per-Turn policy 才归 Cognit、delegate lifecycle 才归 Runtime；installed caller 为零则 DELETE	-	D6	-	B0+B1+B3+B4+B7+closed
crates/contracts/src/types/cognitive_workflow.rs	CognitiveRole	enum	no-prod-caller	-	frozen	wire	-	-	agora	agora	INVESTIGATE：有证据的 per-Turn policy 才归 Cognit、delegate lifecycle 才归 Runtime；installed caller 为零则 DELETE	-	D6	-	B0+B1+B3+B4+B7+closed
crates/contracts/src/types/cognitive_workflow.rs	CognitiveRoleBudget	struct	no-prod-caller	-	frozen	-	-	-	agora	agora	INVESTIGATE：有证据的 per-Turn policy 才归 Cognit、delegate lifecycle 才归 Runtime；installed caller 为零则 DELETE	-	D6	-	B0+B1+B3+B4+B7+closed
crates/contracts/src/types/cognitive_workflow.rs	CognitiveRoleOutput	struct	no-prod-caller	-	frozen	-	-	-	agora	agora	INVESTIGATE：有证据的 per-Turn policy 才归 Cognit、delegate lifecycle 才归 Runtime；installed caller 为零则 DELETE	-	D6	-	B0+B1+B3+B4+B7+closed
crates/contracts/src/types/cognitive_workflow.rs	CognitiveRoleProfile	struct	no-prod-caller	-	frozen	-	-	-	agora	agora	INVESTIGATE：有证据的 per-Turn policy 才归 Cognit、delegate lifecycle 才归 Runtime；installed caller 为零则 DELETE	-	D6	-	B0+B1+B3+B4+B7+closed
crates/contracts/src/types/cognitive_workflow.rs	CognitiveRoleProfileRef	struct	no-prod-caller	-	frozen	-	-	-	agora	agora	INVESTIGATE：有证据的 per-Turn policy 才归 Cognit、delegate lifecycle 才归 Runtime；installed caller 为零则 DELETE	-	D6	-	B0+B1+B3+B4+B7+closed
crates/contracts/src/types/cognitive_workflow.rs	CognitiveStage	enum	no-prod-caller	-	frozen	wire	-	-	agora	agora	INVESTIGATE：有证据的 per-Turn policy 才归 Cognit、delegate lifecycle 才归 Runtime；installed caller 为零则 DELETE	-	D6	-	B0+B1+B3+B4+B7+closed
crates/contracts/src/types/cognitive_workflow.rs	CognitiveTaskContractArtifact	struct	no-prod-caller	-	frozen	-	-	-	agora	agora	INVESTIGATE：有证据的 per-Turn policy 才归 Cognit、delegate lifecycle 才归 Runtime；installed caller 为零则 DELETE	-	D6	-	B0+B1+B3+B4+B7+closed
crates/contracts/src/types/cognitive_workflow.rs	CognitiveTaskNode	struct	no-prod-caller	-	frozen	-	-	-	agora	agora	INVESTIGATE：有证据的 per-Turn policy 才归 Cognit、delegate lifecycle 才归 Runtime；installed caller 为零则 DELETE	-	D6	-	B0+B1+B3+B4+B7+closed
crates/contracts/src/types/cognitive_workflow.rs	CognitiveTaskNodeId	struct	no-prod-caller	-	frozen	-	-	-	agora	agora	INVESTIGATE：有证据的 per-Turn policy 才归 Cognit、delegate lifecycle 才归 Runtime；installed caller 为零则 DELETE	-	D6	-	B0+B1+B3+B4+B7+closed
crates/contracts/src/types/cognitive_workflow.rs	CognitiveTaskRuntimeBinding	struct	no-prod-caller	-	frozen	-	-	-	agora	agora	INVESTIGATE：有证据的 per-Turn policy 才归 Cognit、delegate lifecycle 才归 Runtime；installed caller 为零则 DELETE	-	D6	-	B0+B1+B3+B4+B7+closed
crates/contracts/src/types/cognitive_workflow.rs	CognitiveTaskStatus	enum	no-prod-caller	-	frozen	wire	-	-	agora	agora	INVESTIGATE：有证据的 per-Turn policy 才归 Cognit、delegate lifecycle 才归 Runtime；installed caller 为零则 DELETE	-	D6	-	B0+B1+B3+B4+B7+closed
crates/contracts/src/types/cognitive_workflow.rs	CognitiveValidationRecord	struct	no-prod-caller	-	frozen	-	-	-	agora	agora	INVESTIGATE：有证据的 per-Turn policy 才归 Cognit、delegate lifecycle 才归 Runtime；installed caller 为零则 DELETE	-	D6	-	B0+B1+B3+B4+B7+closed
crates/contracts/src/types/cognitive_workflow.rs	ContextProjectionPolicy	struct	no-prod-caller	-	frozen	-	-	-	agora	agora	INVESTIGATE：有证据的 per-Turn policy 才归 Cognit、delegate lifecycle 才归 Runtime；installed caller 为零则 DELETE	-	D6	-	B0+B1+B3+B4+B7+closed
crates/contracts/src/types/cognitive_workflow.rs	GroundedCognitiveOutcome	enum	no-prod-caller	-	frozen	wire	-	-	agora	agora	INVESTIGATE：有证据的 per-Turn policy 才归 Cognit、delegate lifecycle 才归 Runtime；installed caller 为零则 DELETE	-	D6	-	B0+B1+B3+B4+B7+closed
crates/contracts/src/types/cognitive_workflow.rs	GroundedFinding	struct	no-prod-caller	-	frozen	-	-	-	agora	agora	INVESTIGATE：有证据的 per-Turn policy 才归 Cognit、delegate lifecycle 才归 Runtime；installed caller 为零则 DELETE	-	D6	-	B0+B1+B3+B4+B7+closed
crates/contracts/src/types/cognitive_workflow.rs	InvestigationReport	struct	no-prod-caller	-	frozen	-	-	-	agora	agora	INVESTIGATE：有证据的 per-Turn policy 才归 Cognit、delegate lifecycle 才归 Runtime；installed caller 为零则 DELETE	-	D6	-	B0+B1+B3+B4+B7+closed
crates/contracts/src/types/cognitive_workflow.rs	ReviewFinding	struct	no-prod-caller	-	frozen	-	-	-	agora	agora	INVESTIGATE：有证据的 per-Turn policy 才归 Cognit、delegate lifecycle 才归 Runtime；installed caller 为零则 DELETE	-	D6	-	B0+B1+B3+B4+B7+closed
crates/contracts/src/types/cognitive_workflow.rs	ReviewFindingSet	struct	no-prod-caller	-	frozen	-	-	-	agora	agora	INVESTIGATE：有证据的 per-Turn policy 才归 Cognit、delegate lifecycle 才归 Runtime；installed caller 为零则 DELETE	-	D6	-	B0+B1+B3+B4+B7+closed
crates/contracts/src/types/cognitive_workflow.rs	StageDecision	struct	no-prod-caller	-	frozen	-	-	-	agora	agora	INVESTIGATE：有证据的 per-Turn policy 才归 Cognit、delegate lifecycle 才归 Runtime；installed caller 为零则 DELETE	-	D6	-	B0+B1+B3+B4+B7+closed
crates/contracts/src/types/cognitive_workflow.rs	StageDecisionKind	enum	no-prod-caller	-	frozen	wire	-	-	agora	agora	INVESTIGATE：有证据的 per-Turn policy 才归 Cognit、delegate lifecycle 才归 Runtime；installed caller 为零则 DELETE	-	D6	-	B0+B1+B3+B4+B7+closed
crates/contracts/src/types/cognitive_workflow.rs	ValidationAuthority	enum	no-prod-caller	-	frozen	wire	-	-	agora	agora	INVESTIGATE：有证据的 per-Turn policy 才归 Cognit、delegate lifecycle 才归 Runtime；installed caller 为零则 DELETE	-	D6	-	B0+B1+B3+B4+B7+closed
crates/contracts/src/types/config_provenance.rs	ConfigProvenance	struct	aletheon	config	governed	-	-	serde-v1	aletheon	aletheon	contracts	CGP-08	D6	-	migration-worktree
crates/contracts/src/types/config_provenance.rs	ConfigSource	struct	aletheon	config	governed	-	-	serde-v1	aletheon	aletheon	contracts	CGP-08	D6	-	migration-worktree
crates/contracts/src/types/config_provenance.rs	ConfigSourceKind	enum	aletheon	config	governed	-	-	serde-v1	aletheon	aletheon	contracts	CGP-08	D6	-	migration-worktree
crates/contracts/src/types/config_provenance.rs	Provenanced	struct	aletheon	config	governed	-	-	serde-v1	aletheon	aletheon	contracts	CGP-08	D6	-	migration-worktree
crates/contracts/src/types/conscious_arbitration.rs	CapabilityBatchDecision	struct	no-prod-caller	-	governed	-	-	-	Dasein + Runtime + Kernel	Dasein + Runtime + Kernel	Dasein + Runtime + Kernel	D3+RA-02+K2	D6	-	B0+B1+B3
crates/contracts/src/types/conscious_arbitration.rs	CapabilityBatchPlan	struct	no-prod-caller	-	governed	-	-	-	Dasein + Runtime + Kernel	Dasein + Runtime + Kernel	Dasein + Runtime + Kernel	D3+RA-02+K2	D6	-	B0+B1+B3
crates/contracts/src/types/conscious_arbitration.rs	ConsciousArbitrationMode	enum	no-prod-caller	-	governed	wire	-	-	Dasein + Runtime + Kernel	Dasein + Runtime + Kernel	Dasein + Runtime + Kernel	D3+RA-02+K2	D6	-	B0+B1+B3
crates/contracts/src/types/conscious_arbitration.rs	ConsciousFieldReadout	struct	no-prod-caller	-	governed	-	-	-	Dasein + Runtime + Kernel	Dasein + Runtime + Kernel	Dasein + Runtime + Kernel	D3+RA-02+K2	D6	-	B0+B1+B3
crates/contracts/src/types/conscious_arbitration.rs	FieldDecisionKind	enum	no-prod-caller	-	governed	wire	-	-	Dasein + Runtime + Kernel	Dasein + Runtime + Kernel	Dasein + Runtime + Kernel	D3+RA-02+K2	D6	-	B0+B1+B3
crates/contracts/src/types/conscious_arbitration.rs	FieldDecisionReason	enum	no-prod-caller	-	governed	wire	-	-	Dasein + Runtime + Kernel	Dasein + Runtime + Kernel	Dasein + Runtime + Kernel	D3+RA-02+K2	D6	-	B0+B1+B3
crates/contracts/src/types/conscious_arbitration.rs	LatestConsciousContextPort	trait	no-prod-caller	-	governed	-	-	-	Dasein + Runtime + Kernel	Dasein + Runtime + Kernel	Dasein + Runtime + Kernel	D3+RA-02+K2	D6	-	B0+B1+B3
crates/contracts/src/types/conscious_core.rs	BroadcastIntegrationReceipt	struct	no-prod-caller	-	governed	-	-	-	Dasein + Metacog	Dasein + Metacog	Dasein + Metacog	D3	D6	-	B0+B1
crates/contracts/src/types/conscious_core.rs	ConsciousContextProjection	struct	no-prod-caller	-	governed	-	-	-	Dasein + Metacog	Dasein + Metacog	Dasein + Metacog	D3	D6	-	B0+B1
crates/contracts/src/types/conscious_core.rs	ConsciousProcessor	trait	no-prod-caller	-	governed	-	-	-	Dasein + Metacog	Dasein + Metacog	Dasein + Metacog	D3	D6	-	B0+B1
crates/contracts/src/types/conscious_core.rs	ContextProjectionReceipt	struct	no-prod-caller	-	governed	-	-	-	Dasein + Metacog	Dasein + Metacog	Dasein + Metacog	D3	D6	-	B0+B1
crates/contracts/src/types/conscious_core.rs	ProcessorAck	struct	no-prod-caller	-	governed	-	-	-	Dasein + Metacog	Dasein + Metacog	Dasein + Metacog	D3	D6	-	B0+B1
crates/contracts/src/types/conscious_core.rs	ProcessorContext	struct	no-prod-caller	-	governed	-	-	-	Dasein + Metacog	Dasein + Metacog	Dasein + Metacog	D3	D6	-	B0+B1
crates/contracts/src/types/conscious_core.rs	ProcessorHealth	enum	no-prod-caller	-	governed	wire	-	-	Dasein + Metacog	Dasein + Metacog	Dasein + Metacog	D3	D6	-	B0+B1
crates/contracts/src/types/conscious_core.rs	ProcessorId	struct	no-prod-caller	-	governed	-	-	-	Dasein + Metacog	Dasein + Metacog	Dasein + Metacog	D3	D6	-	B0+B1
crates/contracts/src/types/conscious_core.rs	ProcessorResponse	struct	no-prod-caller	-	governed	-	-	-	Dasein + Metacog	Dasein + Metacog	Dasein + Metacog	D3	D6	-	B0+B1
crates/contracts/src/types/conscious_core.rs	StructuredSelfView	struct	no-prod-caller	-	governed	-	-	-	Dasein + Metacog	Dasein + Metacog	Dasein + Metacog	D3	D6	-	B0+B1
crates/contracts/src/types/context.rs	Context	struct	no-prod-caller	-	governed	-	-	-	Runtime correlation + owner-specific context	Runtime correlation + owner-specific context	Runtime correlation + owner-specific context	D1+RA-01	D6	-	B0+B1
crates/contracts/src/types/context_budget.rs	BudgetMissingReason	enum	executive,interact	-	governed	wire	-	-	Cognit	Cognit	Cognit	D2	D6	-	B1
crates/contracts/src/types/context_budget.rs	ContextBudgetProjection	struct	executive,interact	-	governed	-	-	-	Cognit	Cognit	Cognit	D2	D6	-	B1
crates/contracts/src/types/context_budget.rs	ContextBudgetSource	struct	executive,interact	-	governed	-	-	-	Cognit	Cognit	Cognit	D2	D6	-	B1
crates/contracts/src/types/context_budget.rs	ContextBudgetSourceKind	enum	executive,interact	-	governed	wire	-	-	Cognit	Cognit	Cognit	D2	D6	-	B1
crates/contracts/src/types/context_budget.rs	ContextCompactionMode	enum	executive,interact	-	governed	wire	-	-	Cognit	Cognit	Cognit	D2	D6	-	B1
crates/contracts/src/types/context_budget.rs	ContextCompactionProjection	struct	executive,interact	-	governed	-	-	-	Cognit	Cognit	Cognit	D2	D6	-	B1
crates/contracts/src/types/context_budget.rs	RolloutBudgetProjection	struct	executive,interact	-	governed	-	-	-	Cognit	Cognit	Cognit	D2	D6	-	B1
crates/contracts/src/types/context_budget.rs	RolloutBudgetValue	enum	executive,interact	-	governed	wire	-	-	Cognit	Cognit	Cognit	D2	D6	-	B1
crates/contracts/src/types/data_governance.rs	ContentTrust	enum	aletheon,executive,platform	-	governed	wire	-	-	Application	Application	Application	APX-04	D6	-	B0+B2+B4
crates/contracts/src/types/data_governance.rs	DataClassification	enum	aletheon,executive,platform	-	governed	wire	-	-	Application	Application	Application	APX-04	D6	-	B0+B2+B4
crates/contracts/src/types/data_governance.rs	GovernedContent	struct	aletheon,executive,platform	-	governed	-	-	-	Application	Application	Application	APX-04	D6	-	B0+B2+B4
crates/contracts/src/types/embodiment.rs	DeviceId	struct	no-prod-caller	-	governed	-	-	-	Hardware + Robot VLA adapter	Hardware + Robot VLA adapter	Hardware + Robot VLA adapter	E4/E5(prep)+E4-K6b/E5-K6c(cutover)+XRET-03(drain)+E7(delete)	E7	-	B0+B3+B6
crates/contracts/src/types/embodiment.rs	EmbodiedObservation	struct	no-prod-caller	-	governed	-	-	-	Hardware + Robot VLA adapter	Hardware + Robot VLA adapter	Hardware + Robot VLA adapter	E4/E5(prep)+E4-K6b/E5-K6c(cutover)+XRET-03(drain)+E7(delete)	E7	-	B0+B3+B6
crates/contracts/src/types/embodiment.rs	EmbodimentExecutionPort	trait	no-prod-caller	-	governed	-	-	-	Hardware + Robot VLA adapter	Hardware + Robot VLA adapter	Hardware + Robot VLA adapter	E4/E5(prep)+E4-K6b/E5-K6c(cutover)+XRET-03(drain)+E7(delete)	E7	-	B0+B3+B6
crates/contracts/src/types/embodiment.rs	EvidenceRef	struct	no-prod-caller	-	governed	-	-	-	Hardware + Robot VLA adapter	Hardware + Robot VLA adapter	Hardware + Robot VLA adapter	E4/E5(prep)+E4-K6b/E5-K6c(cutover)+XRET-03(drain)+E7(delete)	E7	-	B0+B3+B6
crates/contracts/src/types/embodiment.rs	ExecutionEnvironment	enum	hardware,executive	-	governed	wire	-	-	Hardware + Robot VLA adapter	Hardware + Robot VLA adapter	Hardware + Robot VLA adapter	E4/E5(prep)+E4-K6b/E5-K6c(cutover)+XRET-03(drain)+E7(delete)	E7	-	B0+B3+B6
crates/contracts/src/types/embodiment.rs	RiskClass	enum	no-prod-caller	-	governed	wire	-	-	Hardware + Robot VLA adapter	Hardware + Robot VLA adapter	Hardware + Robot VLA adapter	E4/E5(prep)+E4-K6b/E5-K6c(cutover)+XRET-03(drain)+E7(delete)	E7	-	B0+B3+B6
crates/contracts/src/types/embodiment.rs	SafetyCapabilityManifest	struct	hardware,executive	-	governed	-	-	-	Hardware + Robot VLA adapter	Hardware + Robot VLA adapter	Hardware + Robot VLA adapter	E4/E5(prep)+E4-K6b/E5-K6c(cutover)+XRET-03(drain)+E7(delete)	E7	-	B0+B3+B6
crates/contracts/src/types/embodiment.rs	SkillDescriptor	struct	no-prod-caller	-	governed	-	-	-	Hardware + Robot VLA adapter	Hardware + Robot VLA adapter	Hardware + Robot VLA adapter	E4/E5(prep)+E4-K6b/E5-K6c(cutover)+XRET-03(drain)+E7(delete)	E7	-	B0+B3+B6
crates/contracts/src/types/embodiment.rs	SkillDispatchError	enum	no-prod-caller	-	governed	wire	-	-	Hardware + Robot VLA adapter	Hardware + Robot VLA adapter	Hardware + Robot VLA adapter	E4/E5(prep)+E4-K6b/E5-K6c(cutover)+XRET-03(drain)+E7(delete)	E7	-	B0+B3+B6
crates/contracts/src/types/embodiment.rs	SkillId	struct	no-prod-caller	-	governed	-	-	-	Hardware + Robot VLA adapter	Hardware + Robot VLA adapter	Hardware + Robot VLA adapter	E4/E5(prep)+E4-K6b/E5-K6c(cutover)+XRET-03(drain)+E7(delete)	E7	-	B0+B3+B6
crates/contracts/src/types/embodiment.rs	SkillOutcome	enum	no-prod-caller	-	governed	wire	-	-	Hardware + Robot VLA adapter	Hardware + Robot VLA adapter	Hardware + Robot VLA adapter	E4/E5(prep)+E4-K6b/E5-K6c(cutover)+XRET-03(drain)+E7(delete)	E7	-	B0+B3+B6
crates/contracts/src/types/embodiment.rs	SkillProgress	struct	no-prod-caller	-	governed	-	-	-	Hardware + Robot VLA adapter	Hardware + Robot VLA adapter	Hardware + Robot VLA adapter	E4/E5(prep)+E4-K6b/E5-K6c(cutover)+XRET-03(drain)+E7(delete)	E7	-	B0+B3+B6
crates/contracts/src/types/embodiment.rs	SkillRequest	struct	no-prod-caller	-	governed	-	-	-	Hardware + Robot VLA adapter	Hardware + Robot VLA adapter	Hardware + Robot VLA adapter	E4/E5(prep)+E4-K6b/E5-K6c(cutover)+XRET-03(drain)+E7(delete)	E7	-	B0+B3+B6
crates/contracts/src/types/embodiment.rs	SkillResult	struct	no-prod-caller	-	governed	-	-	-	Hardware + Robot VLA adapter	Hardware + Robot VLA adapter	Hardware + Robot VLA adapter	E4/E5(prep)+E4-K6b/E5-K6c(cutover)+XRET-03(drain)+E7(delete)	E7	-	B0+B3+B6
crates/contracts/src/types/episode_report.rs	ArtifactAvailability	enum	cognit,executive	-	governed	wire	-	-	Robot VLA adapter + Hardware receipts	Robot VLA adapter + Hardware receipts	Robot VLA adapter + Hardware receipts	E4/E5(prep)+E4-K6b/E5-K6c(cutover)+XRET-03(drain)+E7(delete)	E7	-	B0+B3+B6
crates/contracts/src/types/episode_report.rs	ArtifactRetentionTombstone	struct	executive	-	governed	-	-	-	Robot VLA adapter + Hardware receipts	Robot VLA adapter + Hardware receipts	Robot VLA adapter + Hardware receipts	E4/E5(prep)+E4-K6b/E5-K6c(cutover)+XRET-03(drain)+E7(delete)	E7	-	B0+B3+B6
crates/contracts/src/types/episode_report.rs	ArtifactTimeRange	struct	cognit,executive	-	governed	-	-	-	Robot VLA adapter + Hardware receipts	Robot VLA adapter + Hardware receipts	Robot VLA adapter + Hardware receipts	E4/E5(prep)+E4-K6b/E5-K6c(cutover)+XRET-03(drain)+E7(delete)	E7	-	B0+B3+B6
crates/contracts/src/types/episode_report.rs	AttemptRecord	struct	no-prod-caller	-	governed	-	-	-	Robot VLA adapter + Hardware receipts	Robot VLA adapter + Hardware receipts	Robot VLA adapter + Hardware receipts	E4/E5(prep)+E4-K6b/E5-K6c(cutover)+XRET-03(drain)+E7(delete)	E7	-	B0+B3+B6
crates/contracts/src/types/episode_report.rs	EpisodeArtifactManifest	struct	cognit,executive	-	governed	-	-	-	Robot VLA adapter + Hardware receipts	Robot VLA adapter + Hardware receipts	Robot VLA adapter + Hardware receipts	E4/E5(prep)+E4-K6b/E5-K6c(cutover)+XRET-03(drain)+E7(delete)	E7	-	B0+B3+B6
crates/contracts/src/types/episode_report.rs	EpisodeReport	struct	no-prod-caller	-	governed	-	-	-	Robot VLA adapter + Hardware receipts	Robot VLA adapter + Hardware receipts	Robot VLA adapter + Hardware receipts	E4/E5(prep)+E4-K6b/E5-K6c(cutover)+XRET-03(drain)+E7(delete)	E7	-	B0+B3+B6
crates/contracts/src/types/episode_report.rs	EpisodeReportInput	struct	no-prod-caller	-	governed	-	-	-	Robot VLA adapter + Hardware receipts	Robot VLA adapter + Hardware receipts	Robot VLA adapter + Hardware receipts	E4/E5(prep)+E4-K6b/E5-K6c(cutover)+XRET-03(drain)+E7(delete)	E7	-	B0+B3+B6
crates/contracts/src/types/episode_report.rs	EpisodeSettlement	enum	cognit,executive	-	governed	wire	-	-	Robot VLA adapter + Hardware receipts	Robot VLA adapter + Hardware receipts	Robot VLA adapter + Hardware receipts	E4/E5(prep)+E4-K6b/E5-K6c(cutover)+XRET-03(drain)+E7(delete)	E7	-	B0+B3+B6
crates/contracts/src/types/episode_report.rs	SafeStopOutcome	enum	cognit,executive	-	governed	wire	-	-	Robot VLA adapter + Hardware receipts	Robot VLA adapter + Hardware receipts	Robot VLA adapter + Hardware receipts	E4/E5(prep)+E4-K6b/E5-K6c(cutover)+XRET-03(drain)+E7(delete)	E7	-	B0+B3+B6
crates/contracts/src/types/episode_report.rs	SafeStopReceipt	struct	cognit,executive	-	governed	-	-	-	Robot VLA adapter + Hardware receipts	Robot VLA adapter + Hardware receipts	Robot VLA adapter + Hardware receipts	E4/E5(prep)+E4-K6b/E5-K6c(cutover)+XRET-03(drain)+E7(delete)	E7	-	B0+B3+B6
crates/contracts/src/types/episode_report.rs	SettledEpisodeReport	struct	cognit,executive	-	governed	-	-	-	Robot VLA adapter + Hardware receipts	Robot VLA adapter + Hardware receipts	Robot VLA adapter + Hardware receipts	E4/E5(prep)+E4-K6b/E5-K6c(cutover)+XRET-03(drain)+E7(delete)	E7	-	B0+B3+B6
crates/contracts/src/types/evaluation/contract.rs	EvaluationContractId	struct	no-prod-caller	-	governed	-	-	-	Metacog	Metacog	Metacog	D3	D6	-	B1+B3
crates/contracts/src/types/evaluation/contract.rs	EvaluationMode	enum	no-prod-caller	-	governed	wire	-	-	Metacog	Metacog	Metacog	D3	D6	-	B1+B3
crates/contracts/src/types/evaluation/contract.rs	EvaluationSubject	enum	no-prod-caller	-	governed	wire	-	-	Metacog	Metacog	Metacog	D3	D6	-	B1+B3
crates/contracts/src/types/evaluation/contract.rs	EvaluationThresholds	struct	no-prod-caller	-	governed	-	-	-	Metacog	Metacog	Metacog	D3	D6	-	B1+B3
crates/contracts/src/types/evaluation/contract.rs	EvidenceRef	struct	no-prod-caller	-	governed	-	-	-	Metacog	Metacog	Metacog	D3	D6	-	B1+B3
crates/contracts/src/types/evaluation/contract.rs	RequiredEvidence	struct	no-prod-caller	-	governed	-	-	-	Metacog	Metacog	Metacog	D3	D6	-	B1+B3
crates/contracts/src/types/evaluation/contract.rs	RequiredGate	struct	no-prod-caller	-	governed	-	-	-	Metacog	Metacog	Metacog	D3	D6	-	B1+B3
crates/contracts/src/types/evaluation/contract.rs	TaskEvaluationContract	struct	no-prod-caller	-	governed	-	-	-	Metacog	Metacog	Metacog	D3	D6	-	B1+B3
crates/contracts/src/types/evaluation/contract.rs	TaskKind	enum	no-prod-caller	-	governed	wire	-	-	Metacog	Metacog	Metacog	D3	D6	-	B1+B3
crates/contracts/src/types/evaluation/evidence.rs	EvaluationEvidenceSnapshot	struct	no-prod-caller	-	governed	-	-	-	executive	executive	Metacog evidence store	D3	D6	-	B1+B4+closed
crates/contracts/src/types/evaluation/evidence.rs	EvaluationSnapshotId	struct	no-prod-caller	-	governed	-	-	-	executive	executive	Metacog evidence store	D3	D6	-	B1+B4+closed
crates/contracts/src/types/evaluation/mod.rs	EvaluationContractError	enum	no-prod-caller	-	governed	wire	-	-	executive	executive	Metacog	D3	D6	-	B2+B7+closed
crates/contracts/src/types/evaluation/receipt.rs	EvaluationDecision	enum	no-prod-caller	-	governed	wire	-	-	executive	executive	Metacog	D3	D6	-	B1+B4+closed
crates/contracts/src/types/evaluation/receipt.rs	EvaluationExecutionContext	struct	no-prod-caller	-	governed	-	-	-	executive	executive	Metacog	D3	D6	-	B1+B4+closed
crates/contracts/src/types/evaluation/receipt.rs	EvaluationReceipt	struct	no-prod-caller	-	governed	-	-	-	executive	executive	Metacog	D3	D6	-	B1+B4+closed
crates/contracts/src/types/evaluation/receipt.rs	EvaluationReceiptId	struct	no-prod-caller	-	governed	-	-	-	executive	executive	Metacog	D3	D6	-	B1+B4+closed
crates/contracts/src/types/evaluation/receipt.rs	EvaluationReceiptRef	struct	no-prod-caller	-	governed	-	-	-	executive	executive	Metacog	D3	D6	-	B1+B4+closed
crates/contracts/src/types/evaluation/settings.rs	EvaluationSettings	struct	aletheon,executive,metacog	-	governed	-	-	-	Metacog	Metacog	Metacog	D3	D6	-	B1+B3+B4
crates/contracts/src/types/evidence.rs	Evidence	struct	no-prod-caller	-	frozen	-	-	-	Kernel receipt + Metacog evidence	Kernel receipt + Metacog evidence	Kernel receipt + Metacog evidence	-	D6	-	B0+B3
crates/contracts/src/types/execution_target.rs	ExecutionTarget	enum	aletheon,executive,interact	-	governed	wire	-	-	Runtime command + Robot adapter	Runtime command + Robot adapter	Runtime command + Robot adapter	RA-01+E5(prep)+E5-K6c(cutover)+XRET-03(drain)+E7(delete)	E7	-	B0+B1+B6
crates/contracts/src/types/execution_target.rs	ExecutionTargetSelection	struct	aletheon,executive,interact	-	governed	-	-	-	Runtime command + Robot adapter	Runtime command + Robot adapter	Runtime command + Robot adapter	RA-01+E5(prep)+E5-K6c(cutover)+XRET-03(drain)+E7(delete)	E7	-	B0+B1+B6
crates/contracts/src/types/execution_target.rs	ExecutionTargetSource	enum	aletheon,executive,interact	-	governed	wire	-	-	Runtime command + Robot adapter	Runtime command + Robot adapter	Runtime command + Robot adapter	RA-01+E5(prep)+E5-K6c(cutover)+XRET-03(drain)+E7(delete)	E7	-	B0+B1+B6
crates/contracts/src/types/expected_outcome.rs	ExpectedOutcome	struct	no-prod-caller	-	governed	-	-	-	cognit|executive	cognit|executive	Robot VLA hot-path；Cognit/Mnemosyne 与 persistence 只保留边界 translation	E5(prep)+D4+APX-04(reader/writer cutover)+E5-K6c(cutover)+XRET-03(drain)+E7(delete)	E7	-	B0+B1+B2+B3+B4+B6+closed
crates/contracts/src/types/expected_outcome.rs	OutcomeContractError	enum	no-prod-caller	-	governed	wire	-	-	cognit|executive	cognit|executive	Robot VLA hot-path；Cognit/Mnemosyne 与 persistence 只保留边界 translation	E5(prep)+D4+APX-04(reader/writer cutover)+E5-K6c(cutover)+XRET-03(drain)+E7(delete)	E7	-	B0+B1+B2+B3+B4+B6+closed
crates/contracts/src/types/expected_outcome.rs	OutcomeMatch	enum	no-prod-caller	-	governed	wire	-	-	cognit|executive	cognit|executive	Robot VLA hot-path；Cognit/Mnemosyne 与 persistence 只保留边界 translation	E5(prep)+D4+APX-04(reader/writer cutover)+E5-K6c(cutover)+XRET-03(drain)+E7(delete)	E7	-	B0+B1+B2+B3+B4+B6+closed
crates/contracts/src/types/expected_outcome.rs	OutcomePredicate	enum	no-prod-caller	-	governed	wire	-	-	cognit|executive	cognit|executive	Robot VLA hot-path；Cognit/Mnemosyne 与 persistence 只保留边界 translation	E5(prep)+D4+APX-04(reader/writer cutover)+E5-K6c(cutover)+XRET-03(drain)+E7(delete)	E7	-	B0+B1+B2+B3+B4+B6+closed
crates/contracts/src/types/frame.rs	FrameRef	struct	no-prod-caller	-	governed	-	-	-	cognit	cognit	Robot perception + Cognit frame context + Hardware observation；Dasein 只消费 projection	E4/E5(prep)+D2+D3+E4-K6b/E5-K6c(cutover)+XRET-03(drain)+E7(delete)	E7	-	B0+B1+B3+B4+B6+closed
crates/contracts/src/types/goal.rs	GoalBudget	struct	no-prod-caller	-	governed	-	-	-	executive	executive	Application optional Goal Draft; execution via Runtime commands	APX-03+RA-01	D6	-	B0+B1+B4+closed
crates/contracts/src/types/goal.rs	GoalBudgetUsage	struct	no-prod-caller	-	governed	-	-	-	executive	executive	Application optional Goal Draft; execution via Runtime commands	APX-03+RA-01	D6	-	B0+B1+B4+closed
crates/contracts/src/types/goal.rs	GoalId	struct	no-prod-caller	-	governed	-	-	-	executive	executive	Application optional Goal Draft; execution via Runtime commands	APX-03+RA-01	D6	-	B0+B1+B4+closed
crates/contracts/src/types/goal.rs	GoalSnapshot	struct	no-prod-caller	-	governed	-	-	-	executive	executive	Application optional Goal Draft; execution via Runtime commands	APX-03+RA-01	D6	-	B0+B1+B4+closed
crates/contracts/src/types/goal.rs	GoalSpec	struct	no-prod-caller	-	governed	-	-	-	executive	executive	Application optional Goal Draft; execution via Runtime commands	APX-03+RA-01	D6	-	B0+B1+B4+closed
crates/contracts/src/types/goal.rs	GoalState	enum	no-prod-caller	-	governed	wire	-	-	executive	executive	Application optional Goal Draft; execution via Runtime commands	APX-03+RA-01	D6	-	B0+B1+B4+closed
crates/contracts/src/types/goal.rs	GoalWaitReason	enum	no-prod-caller	-	governed	wire	-	-	executive	executive	Application optional Goal Draft; execution via Runtime commands	APX-03+RA-01	D6	-	B0+B1+B4+closed
crates/contracts/src/types/inference_receipt.rs	InferenceTerminalReceipt	struct	no-prod-caller	-	governed	-	-	-	cognit	cognit	Cognit provider port	D2	D6	-	B1+B2+B4+closed
crates/contracts/src/types/inference_receipt.rs	InferenceTerminalStatus	enum	no-prod-caller	-	governed	wire	-	-	cognit	cognit	Cognit provider port	D2	D6	-	B1+B2+B4+closed
crates/contracts/src/types/llm_types.rs	CacheTelemetry	enum	no-prod-caller	-	governed	wire	-	-	Cognit provider port + host adapter	Cognit provider port + host adapter	Cognit provider port + host adapter	D2+CGP-04	D6	-	B0+B3+B5
crates/contracts/src/types/llm_types.rs	InferenceCapabilities	struct	no-prod-caller	-	governed	-	-	-	Cognit provider port + host adapter	Cognit provider port + host adapter	Cognit provider port + host adapter	D2+CGP-04	D6	-	B0+B3+B5
crates/contracts/src/types/llm_types.rs	InferenceUsage	struct	no-prod-caller	-	governed	-	-	-	Cognit provider port + host adapter	Cognit provider port + host adapter	Cognit provider port + host adapter	D2+CGP-04	D6	-	B0+B3+B5
crates/contracts/src/types/llm_types.rs	InferenceUsageError	enum	no-prod-caller	-	governed	wire	-	-	Cognit provider port + host adapter	Cognit provider port + host adapter	Cognit provider port + host adapter	D2+CGP-04	D6	-	B0+B3+B5
crates/contracts/src/types/llm_types.rs	LlmProvider	trait	no-prod-caller	-	governed	-	-	-	Cognit provider port + host adapter	Cognit provider port + host adapter	Cognit provider port + host adapter	D2+CGP-04	D6	-	B0+B3+B5
crates/contracts/src/types/llm_types.rs	LlmResponse	struct	no-prod-caller	-	governed	-	-	-	Cognit provider port + host adapter	Cognit provider port + host adapter	Cognit provider port + host adapter	D2+CGP-04	D6	-	B0+B3+B5
crates/contracts/src/types/llm_types.rs	LlmStream	type	no-prod-caller	-	governed	wire	-	-	Cognit provider port + host adapter	Cognit provider port + host adapter	Cognit provider port + host adapter	D2+CGP-04	D6	-	B0+B3+B5
crates/contracts/src/types/llm_types.rs	MalformedToolArgumentsError	struct	no-prod-caller	-	governed	-	-	-	Cognit provider port + host adapter	Cognit provider port + host adapter	Cognit provider port + host adapter	D2+CGP-04	D6	-	B0+B3+B5
crates/contracts/src/types/llm_types.rs	ModelInfo	struct	no-prod-caller	-	governed	-	-	-	Cognit provider port + host adapter	Cognit provider port + host adapter	Cognit provider port + host adapter	D2+CGP-04	D6	-	B0+B3+B5
crates/contracts/src/types/llm_types.rs	ModelRuntimeFacts	struct	no-prod-caller	-	governed	-	-	-	Cognit provider port + host adapter	Cognit provider port + host adapter	Cognit provider port + host adapter	D2+CGP-04	D6	-	B0+B3+B5
crates/contracts/src/types/llm_types.rs	StopReason	enum	no-prod-caller	-	governed	wire	-	-	Cognit provider port + host adapter	Cognit provider port + host adapter	Cognit provider port + host adapter	D2+CGP-04	D6	-	B0+B3+B5
crates/contracts/src/types/llm_types.rs	StreamChunk	enum	no-prod-caller	-	governed	wire	-	-	Cognit provider port + host adapter	Cognit provider port + host adapter	Cognit provider port + host adapter	D2+CGP-04	D6	-	B0+B3+B5
crates/contracts/src/types/llm_types.rs	ToolDefinition	struct	no-prod-caller	-	governed	-	-	-	Cognit provider port + host adapter	Cognit provider port + host adapter	Cognit provider port + host adapter	D2+CGP-04	D6	-	B0+B3+B5
crates/contracts/src/types/llm_types.rs	ToolDefinitionCanonicalizationError	enum	no-prod-caller	-	governed	wire	-	-	Cognit provider port + host adapter	Cognit provider port + host adapter	Cognit provider port + host adapter	D2+CGP-04	D6	-	B0+B3+B5
crates/contracts/src/types/local_authority.rs	ApprovalPolicy	enum	no-prod-caller	-	governed	wire	-	-	Gateway/host identity input + Application owner policy + Kernel verifier + Linux path adapter	Gateway/host identity input + Application owner policy + Kernel verifier + Linux path adapter	Gateway/host identity input + Application owner policy + Kernel verifier + Linux path adapter	CGP-01+APX-02+K3+CGP-04	D6	-	B0+B1+B3+B5
crates/contracts/src/types/local_authority.rs	ConnectionId	struct	no-prod-caller	-	governed	-	-	-	Gateway/host identity input + Application owner policy + Kernel verifier + Linux path adapter	Gateway/host identity input + Application owner policy + Kernel verifier + Linux path adapter	Gateway/host identity input + Application owner policy + Kernel verifier + Linux path adapter	CGP-01+APX-02+K3+CGP-04	D6	-	B0+B1+B3+B5
crates/contracts/src/types/local_authority.rs	LocalOsPrincipal	struct	no-prod-caller	-	governed	-	-	-	Gateway/host identity input + Application owner policy + Kernel verifier + Linux path adapter	Gateway/host identity input + Application owner policy + Kernel verifier + Linux path adapter	Gateway/host identity input + Application owner policy + Kernel verifier + Linux path adapter	CGP-01+APX-02+K3+CGP-04	D6	-	B0+B1+B3+B5
crates/contracts/src/types/local_authority.rs	PermissionProfileId	struct	no-prod-caller	-	governed	-	-	-	Gateway/host identity input + Application owner policy + Kernel verifier + Linux path adapter	Gateway/host identity input + Application owner policy + Kernel verifier + Linux path adapter	Gateway/host identity input + Application owner policy + Kernel verifier + Linux path adapter	CGP-01+APX-02+K3+CGP-04	D6	-	B0+B1+B3+B5
crates/contracts/src/types/local_authority.rs	PrincipalContext	struct	no-prod-caller	-	governed	-	-	-	Gateway/host identity input + Application owner policy + Kernel verifier + Linux path adapter	Gateway/host identity input + Application owner policy + Kernel verifier + Linux path adapter	Gateway/host identity input + Application owner policy + Kernel verifier + Linux path adapter	CGP-01+APX-02+K3+CGP-04	D6	-	B0+B1+B3+B5
crates/contracts/src/types/local_authority.rs	ProtectedPathPolicy	struct	no-prod-caller	-	governed	-	-	-	Gateway/host identity input + Application owner policy + Kernel verifier + Linux path adapter	Gateway/host identity input + Application owner policy + Kernel verifier + Linux path adapter	Gateway/host identity input + Application owner policy + Kernel verifier + Linux path adapter	CGP-01+APX-02+K3+CGP-04	D6	-	B0+B1+B3+B5
crates/contracts/src/types/local_authority.rs	ThreadId	struct	no-prod-caller	-	governed	-	-	-	Gateway/host identity input + Application owner policy + Kernel verifier + Linux path adapter	Gateway/host identity input + Application owner policy + Kernel verifier + Linux path adapter	Gateway/host identity input + Application owner policy + Kernel verifier + Linux path adapter	CGP-01+APX-02+K3+CGP-04	D6	-	B0+B1+B3+B5
crates/contracts/src/types/local_authority.rs	WorkspacePolicy	struct	no-prod-caller	-	governed	-	-	-	Gateway/host identity input + Application owner policy + Kernel verifier + Linux path adapter	Gateway/host identity input + Application owner policy + Kernel verifier + Linux path adapter	Gateway/host identity input + Application owner policy + Kernel verifier + Linux path adapter	CGP-01+APX-02+K3+CGP-04	D6	-	B0+B1+B3+B5
crates/contracts/src/types/local_authority.rs	WorkspaceResolveError	enum	no-prod-caller	-	governed	wire	-	-	Gateway/host identity input + Application owner policy + Kernel verifier + Linux path adapter	Gateway/host identity input + Application owner policy + Kernel verifier + Linux path adapter	Gateway/host identity input + Application owner policy + Kernel verifier + Linux path adapter	CGP-01+APX-02+K3+CGP-04	D6	-	B0+B1+B3+B5
crates/contracts/src/types/local_authority.rs	WorkspaceSelection	struct	no-prod-caller	-	governed	-	-	-	Gateway/host identity input + Application owner policy + Kernel verifier + Linux path adapter	Gateway/host identity input + Application owner policy + Kernel verifier + Linux path adapter	Gateway/host identity input + Application owner policy + Kernel verifier + Linux path adapter	CGP-01+APX-02+K3+CGP-04	D6	-	B0+B1+B3+B5
crates/contracts/src/types/message.rs	ContentBlock	enum	no-prod-caller	-	governed	wire	-	-	Cognit	Cognit	Cognit	D2	D6	-	B1
crates/contracts/src/types/message.rs	ImageSource	enum	no-prod-caller	-	governed	wire	-	-	Cognit	Cognit	Cognit	D2	D6	-	B1
crates/contracts/src/types/message.rs	Message	struct	no-prod-caller	-	governed	-	-	-	Cognit	Cognit	Cognit	D2	D6	-	B1
crates/contracts/src/types/message.rs	Priority	enum	no-prod-caller	-	governed	wire	-	-	Cognit	Cognit	Cognit	D2	D6	-	B1
crates/contracts/src/types/message.rs	Role	enum	no-prod-caller	-	governed	wire	-	-	Cognit	Cognit	Cognit	D2	D6	-	B1
crates/contracts/src/types/metacognition_evaluation.rs	DimensionScore	struct	no-prod-caller	-	governed	-	-	-	executive	executive	Metacog	D3	D6	-	B1+B4+closed
crates/contracts/src/types/metacognition_evaluation.rs	DimensionValue	enum	no-prod-caller	-	governed	wire	-	-	executive	executive	Metacog	D3	D6	-	B1+B4+closed
crates/contracts/src/types/metacognition_evaluation.rs	EvaluationReport	struct	no-prod-caller	-	governed	-	-	-	executive	executive	Metacog	D3	D6	-	B1+B4+closed
crates/contracts/src/types/metacognition_evaluation.rs	GateResult	struct	no-prod-caller	-	governed	-	-	-	executive	executive	Metacog	D3	D6	-	B1+B4+closed
crates/contracts/src/types/metacognition_evaluation.rs	RubricId	struct	no-prod-caller	-	governed	-	-	-	executive	executive	Metacog	D3	D6	-	B1+B4+closed
crates/contracts/src/types/metacognition_evidence.rs	EvidenceId	struct	no-prod-caller	-	governed	-	-	-	cognit|executive	cognit|executive	Metacog	D3	D6	-	B1+B4+closed
crates/contracts/src/types/metacognition_evidence.rs	EvidenceItem	struct	no-prod-caller	-	governed	-	-	-	cognit|executive	cognit|executive	Metacog	D3	D6	-	B1+B4+closed
crates/contracts/src/types/metacognition_evidence.rs	EvidenceKind	enum	no-prod-caller	-	governed	wire	-	-	cognit|executive	cognit|executive	Metacog	D3	D6	-	B1+B4+closed
crates/contracts/src/types/metacognition_evidence.rs	EvidenceTrust	enum	no-prod-caller	-	governed	wire	-	-	cognit|executive	cognit|executive	Metacog	D3	D6	-	B1+B4+closed
crates/contracts/src/types/metacognition_experience.rs	DomainId	struct	no-prod-caller	-	governed	-	-	-	executive	executive	Metacog	D3	D6	-	B1+B2+B4+closed
crates/contracts/src/types/metacognition_experience.rs	ExperienceEnvelope	struct	no-prod-caller	-	governed	-	-	-	executive	executive	Metacog	D3	D6	-	B1+B2+B4+closed
crates/contracts/src/types/metacognition_experience.rs	ExperienceId	struct	no-prod-caller	-	governed	-	-	-	executive	executive	Metacog	D3	D6	-	B1+B2+B4+closed
crates/contracts/src/types/metacognition_experience.rs	ExperienceOutcome	enum	no-prod-caller	-	governed	wire	-	-	executive	executive	Metacog	D3	D6	-	B1+B2+B4+closed
crates/contracts/src/types/metacognition_experience.rs	SubjectId	struct	no-prod-caller	-	governed	-	-	-	executive	executive	Metacog	D3	D6	-	B1+B2+B4+closed
crates/contracts/src/types/model_projection.rs	ModelContextClassification	enum	no-prod-caller	-	governed	wire	-	-	cognit	cognit	Cognit context projection	D2	D6	-	B1+B4+closed
crates/contracts/src/types/model_projection.rs	ModelContextFragmentReceipt	struct	no-prod-caller	-	governed	-	-	-	cognit	cognit	Cognit context projection	D2	D6	-	B1+B4+closed
crates/contracts/src/types/model_projection.rs	ModelContextProjectionReceipt	struct	no-prod-caller	-	governed	-	-	-	cognit	cognit	Cognit context projection	D2	D6	-	B1+B4+closed
crates/contracts/src/types/operation.rs	CancelReason	enum	no-prod-caller	-	governed	wire	-	-	agora|cognit|executive	agora|cognit|executive	Contracts IDs/time + Kernel OperationSupervisor	D1+K1	D6	-	B0+B1+B4+closed
crates/contracts/src/types/operation.rs	MonoDeadlineMillis	struct	no-prod-caller	-	governed	-	-	-	agora|cognit|executive	agora|cognit|executive	Contracts IDs/time + Kernel OperationSupervisor	D1+K1	D6	-	B0+B1+B4+closed
crates/contracts/src/types/operation.rs	OperationExitReason	enum	no-prod-caller	-	governed	wire	-	-	agora|cognit|executive	agora|cognit|executive	Contracts IDs/time + Kernel OperationSupervisor	D1+K1	D6	-	B0+B1+B4+closed
crates/contracts/src/types/operation.rs	OperationId	struct	no-prod-caller	-	governed	-	-	-	agora|cognit|executive	agora|cognit|executive	Contracts IDs/time + Kernel OperationSupervisor	D1+K1	D6	-	B0+B1+B4+closed
crates/contracts/src/types/operation.rs	OperationKind	enum	no-prod-caller	-	governed	wire	-	-	agora|cognit|executive	agora|cognit|executive	Contracts IDs/time + Kernel OperationSupervisor	D1+K1	D6	-	B0+B1+B4+closed
crates/contracts/src/types/operation.rs	OperationRecord	struct	no-prod-caller	-	governed	-	-	-	agora|cognit|executive	agora|cognit|executive	Contracts IDs/time + Kernel OperationSupervisor	D1+K1	D6	-	B0+B1+B4+closed
crates/contracts/src/types/operation.rs	OperationRequest	struct	no-prod-caller	-	governed	-	-	-	agora|cognit|executive	agora|cognit|executive	Contracts IDs/time + Kernel OperationSupervisor	D1+K1	D6	-	B0+B1+B4+closed
crates/contracts/src/types/operation.rs	OperationResult	struct	no-prod-caller	-	governed	-	-	-	agora|cognit|executive	agora|cognit|executive	Contracts IDs/time + Kernel OperationSupervisor	D1+K1	D6	-	B0+B1+B4+closed
crates/contracts/src/types/operation.rs	OperationState	enum	no-prod-caller	-	governed	wire	-	-	agora|cognit|executive	agora|cognit|executive	Contracts IDs/time + Kernel OperationSupervisor	D1+K1	D6	-	B0+B1+B4+closed
crates/contracts/src/types/operation.rs	ProcessId	struct	no-prod-caller	-	governed	-	-	-	agora|cognit|executive	agora|cognit|executive	Contracts IDs/time + Kernel OperationSupervisor	D1+K1	D6	-	B0+B1+B4+closed
crates/contracts/src/types/outcome_verification.rs	VerificationDecision	enum	no-prod-caller	-	governed	wire	-	-	cognit	cognit	Robot VLA report contract；codec/persistence 留在边界 adapter	E5(prep; includes consumer translation)+D4+APX-04(reader/writer cutover)+E5-K6c(cutover)+XRET-03(drain)+E7(delete)	E7	-	B0+B2+B4+B6+closed
crates/contracts/src/types/outcome_verification.rs	VerificationReport	struct	no-prod-caller	-	governed	-	-	-	cognit	cognit	Robot VLA report contract；codec/persistence 留在边界 adapter	E5(prep; includes consumer translation)+D4+APX-04(reader/writer cutover)+E5-K6c(cutover)+XRET-03(drain)+E7(delete)	E7	-	B0+B2+B4+B6+closed
crates/contracts/src/types/paths.rs	PathContractError	enum	no-prod-caller	-	governed	wire	-	-	host/Linux config adapter	host/Linux config adapter	host/Linux config adapter	APX-04+CGP-04	D6	-	B0+B5
crates/contracts/src/types/paths.rs	ProcessRuntimeEnvironment	struct	no-prod-caller	-	governed	-	-	-	host/Linux config adapter	host/Linux config adapter	host/Linux config adapter	APX-04+CGP-04	D6	-	B0+B5
crates/contracts/src/types/paths.rs	ProductionPaths	struct	no-prod-caller	-	governed	-	-	-	host/Linux config adapter	host/Linux config adapter	host/Linux config adapter	APX-04+CGP-04	D6	-	B0+B5
crates/contracts/src/types/paths.rs	RuntimeEnvironment	trait	no-prod-caller	-	governed	-	-	-	host/Linux config adapter	host/Linux config adapter	host/Linux config adapter	APX-04+CGP-04	D6	-	B0+B5
crates/contracts/src/types/paths.rs	UserPathError	enum	no-prod-caller	-	governed	wire	-	-	host/Linux config adapter	host/Linux config adapter	host/Linux config adapter	APX-04+CGP-04	D6	-	B0+B5
crates/contracts/src/types/paths.rs	UserRuntimePaths	struct	no-prod-caller	-	governed	-	-	-	host/Linux config adapter	host/Linux config adapter	host/Linux config adapter	APX-04+CGP-04	D6	-	B0+B5
crates/contracts/src/types/permission.rs	HostPermissionMode	enum	no-prod-caller	-	governed	wire	-	-	corpus|executive	corpus|executive	Gateway requested profile + Application decision + Kernel verified effect + Cognit prompt config + Corpus permission context/rules	CGP-01+APX-02+K3+D2+D5	D6	-	B0+B1+B2+B3+closed
crates/contracts/src/types/permission.rs	PermissionBehavior	enum	no-prod-caller	-	governed	wire	-	-	corpus|executive	corpus|executive	Gateway requested profile + Application decision + Kernel verified effect + Cognit prompt config + Corpus permission context/rules	CGP-01+APX-02+K3+D2+D5	D6	-	B0+B1+B2+B3+closed
crates/contracts/src/types/permission.rs	PermissionContext	struct	no-prod-caller	-	governed	-	-	-	corpus|executive	corpus|executive	Gateway requested profile + Application decision + Kernel verified effect + Cognit prompt config + Corpus permission context/rules	CGP-01+APX-02+K3+D2+D5	D6	-	B0+B1+B2+B3+closed
crates/contracts/src/types/permission.rs	PermissionMode	enum	no-prod-caller	-	governed	wire	-	-	corpus|executive	corpus|executive	Gateway requested profile + Application decision + Kernel verified effect + Cognit prompt config + Corpus permission context/rules	CGP-01+APX-02+K3+D2+D5	D6	-	B0+B1+B2+B3+closed
crates/contracts/src/types/permission.rs	PermissionRule	struct	no-prod-caller	-	governed	-	-	-	corpus|executive	corpus|executive	Gateway requested profile + Application decision + Kernel verified effect + Cognit prompt config + Corpus permission context/rules	CGP-01+APX-02+K3+D2+D5	D6	-	B0+B1+B2+B3+closed
crates/contracts/src/types/process.rs	AgentId	struct	no-prod-caller	-	governed	-	-	-	Contracts IDs + Runtime + Kernel process	Contracts IDs + Runtime + Kernel process	Contracts IDs + Runtime + Kernel process	D1+RA-01+K1	D6	-	B0+B1+B7
crates/contracts/src/types/process.rs	AgentProfileId	struct	no-prod-caller	-	governed	-	-	-	Contracts IDs + Runtime + Kernel process	Contracts IDs + Runtime + Kernel process	Contracts IDs + Runtime + Kernel process	D1+RA-01+K1	D6	-	B0+B1+B7
crates/contracts/src/types/process.rs	ExitReason	enum	no-prod-caller	-	governed	wire	-	-	Contracts IDs + Runtime + Kernel process	Contracts IDs + Runtime + Kernel process	Contracts IDs + Runtime + Kernel process	D1+RA-01+K1	D6	-	B0+B1+B7
crates/contracts/src/types/process.rs	ExitStatus	struct	no-prod-caller	-	governed	-	-	-	Contracts IDs + Runtime + Kernel process	Contracts IDs + Runtime + Kernel process	Contracts IDs + Runtime + Kernel process	D1+RA-01+K1	D6	-	B0+B1+B7
crates/contracts/src/types/process.rs	MailboxId	struct	no-prod-caller	-	governed	-	-	-	Contracts IDs + Runtime + Kernel process	Contracts IDs + Runtime + Kernel process	Contracts IDs + Runtime + Kernel process	D1+RA-01+K1	D6	-	B0+B1+B7
crates/contracts/src/types/process.rs	NamespaceId	struct	no-prod-caller	-	governed	-	-	-	Contracts IDs + Runtime + Kernel process	Contracts IDs + Runtime + Kernel process	Contracts IDs + Runtime + Kernel process	D1+RA-01+K1	D6	-	B0+B1+B7
crates/contracts/src/types/process.rs	OsProcessId	struct	no-prod-caller	-	governed	-	-	-	Contracts IDs + Runtime + Kernel process	Contracts IDs + Runtime + Kernel process	Contracts IDs + Runtime + Kernel process	D1+RA-01+K1	D6	-	B0+B1+B7
crates/contracts/src/types/process.rs	ProcessIdentity	struct	no-prod-caller	-	governed	-	-	-	Contracts IDs + Runtime + Kernel process	Contracts IDs + Runtime + Kernel process	Contracts IDs + Runtime + Kernel process	D1+RA-01+K1	D6	-	B0+B1+B7
crates/contracts/src/types/process.rs	ProcessOwnership	enum	no-prod-caller	-	governed	wire	-	-	Contracts IDs + Runtime + Kernel process	Contracts IDs + Runtime + Kernel process	Contracts IDs + Runtime + Kernel process	D1+RA-01+K1	D6	-	B0+B1+B7
crates/contracts/src/types/process.rs	ProcessRecord	struct	no-prod-caller	-	governed	-	-	-	Contracts IDs + Runtime + Kernel process	Contracts IDs + Runtime + Kernel process	Contracts IDs + Runtime + Kernel process	D1+RA-01+K1	D6	-	B0+B1+B7
crates/contracts/src/types/process.rs	ProcessSignal	enum	no-prod-caller	-	governed	wire	-	-	Contracts IDs + Runtime + Kernel process	Contracts IDs + Runtime + Kernel process	Contracts IDs + Runtime + Kernel process	D1+RA-01+K1	D6	-	B0+B1+B7
crates/contracts/src/types/process.rs	ProcessSnapshot	struct	no-prod-caller	-	governed	-	-	-	Contracts IDs + Runtime + Kernel process	Contracts IDs + Runtime + Kernel process	Contracts IDs + Runtime + Kernel process	D1+RA-01+K1	D6	-	B0+B1+B7
crates/contracts/src/types/process.rs	ProcessState	enum	no-prod-caller	-	governed	wire	-	-	Contracts IDs + Runtime + Kernel process	Contracts IDs + Runtime + Kernel process	Contracts IDs + Runtime + Kernel process	D1+RA-01+K1	D6	-	B0+B1+B7
crates/contracts/src/types/process.rs	RuntimeProcessId	struct	executive	-	governed	-	-	-	Contracts IDs + Runtime + Kernel process	Contracts IDs + Runtime + Kernel process	Contracts IDs + Runtime + Kernel process	D1+RA-01+K1	D6	-	B0+B1+B7
crates/contracts/src/types/process.rs	SpaceId	struct	no-prod-caller	-	governed	-	-	-	Contracts IDs + Runtime + Kernel process	Contracts IDs + Runtime + Kernel process	Contracts IDs + Runtime + Kernel process	D1+RA-01+K1	D6	-	B0+B1+B7
crates/contracts/src/types/process.rs	SpawnSpec	struct	no-prod-caller	-	governed	-	-	-	Contracts IDs + Runtime + Kernel process	Contracts IDs + Runtime + Kernel process	Contracts IDs + Runtime + Kernel process	D1+RA-01+K1	D6	-	B0+B1+B7
crates/contracts/src/types/robot_failure.rs	RobotFailure	struct	cognit,executive	-	governed	-	-	-	Robot VLA adapter	Robot VLA adapter	Robot VLA adapter	E5(prep)+E5-K6c(cutover)+XRET-03(drain)+E7(delete)	E7	-	B6
crates/contracts/src/types/robot_failure.rs	RobotFailureClass	enum	cognit,executive	-	governed	wire	-	-	Robot VLA adapter	Robot VLA adapter	Robot VLA adapter	E5(prep)+E5-K6c(cutover)+XRET-03(drain)+E7(delete)	E7	-	B6
crates/contracts/src/types/sandbox.rs	IsolationLevel	enum	no-prod-caller	-	governed	wire	-	-	Kernel descriptor/port + Linux sandbox adapter	Kernel descriptor/port + Linux sandbox adapter	Kernel descriptor/port + Linux sandbox adapter	K2+K5	D6	-	B0+B1+B3+B5
crates/contracts/src/types/sandbox.rs	ProfileName	enum	no-prod-caller	-	governed	wire	-	-	Kernel descriptor/port + Linux sandbox adapter	Kernel descriptor/port + Linux sandbox adapter	Kernel descriptor/port + Linux sandbox adapter	K2+K5	D6	-	B0+B1+B3+B5
crates/contracts/src/types/sandbox.rs	ProfileResolveError	enum	no-prod-caller	-	governed	wire	-	-	Kernel descriptor/port + Linux sandbox adapter	Kernel descriptor/port + Linux sandbox adapter	Kernel descriptor/port + Linux sandbox adapter	K2+K5	D6	-	B0+B1+B3+B5
crates/contracts/src/types/sandbox.rs	ResolvedSandboxPolicy	struct	no-prod-caller	-	governed	-	-	-	Kernel descriptor/port + Linux sandbox adapter	Kernel descriptor/port + Linux sandbox adapter	Kernel descriptor/port + Linux sandbox adapter	K2+K5	D6	-	B0+B1+B3+B5
crates/contracts/src/types/sandbox.rs	SandboxBackend	trait	no-prod-caller	-	governed	-	-	-	Kernel descriptor/port + Linux sandbox adapter	Kernel descriptor/port + Linux sandbox adapter	Kernel descriptor/port + Linux sandbox adapter	K2+K5	D6	-	B0+B1+B3+B5
crates/contracts/src/types/sandbox.rs	SandboxCapabilities	struct	no-prod-caller	-	governed	-	-	-	Kernel descriptor/port + Linux sandbox adapter	Kernel descriptor/port + Linux sandbox adapter	Kernel descriptor/port + Linux sandbox adapter	K2+K5	D6	-	B0+B1+B3+B5
crates/contracts/src/types/sandbox.rs	SandboxCommand	struct	no-prod-caller	-	governed	-	-	-	Kernel descriptor/port + Linux sandbox adapter	Kernel descriptor/port + Linux sandbox adapter	Kernel descriptor/port + Linux sandbox adapter	K2+K5	D6	-	B0+B1+B3+B5
crates/contracts/src/types/sandbox.rs	SandboxConfig	struct	no-prod-caller	-	governed	-	-	-	Kernel descriptor/port + Linux sandbox adapter	Kernel descriptor/port + Linux sandbox adapter	Kernel descriptor/port + Linux sandbox adapter	K2+K5	D6	-	B0+B1+B3+B5
crates/contracts/src/types/sandbox.rs	SandboxExecutor	struct	no-prod-caller	-	governed	-	-	-	Kernel descriptor/port + Linux sandbox adapter	Kernel descriptor/port + Linux sandbox adapter	Kernel descriptor/port + Linux sandbox adapter	K2+K5	D6	-	B0+B1+B3+B5
crates/contracts/src/types/sandbox.rs	SandboxPreference	enum	no-prod-caller	-	governed	wire	-	-	Kernel descriptor/port + Linux sandbox adapter	Kernel descriptor/port + Linux sandbox adapter	Kernel descriptor/port + Linux sandbox adapter	K2+K5	D6	-	B0+B1+B3+B5
crates/contracts/src/types/sandbox.rs	SandboxProfileConfig	struct	no-prod-caller	-	governed	-	-	-	Kernel descriptor/port + Linux sandbox adapter	Kernel descriptor/port + Linux sandbox adapter	Kernel descriptor/port + Linux sandbox adapter	K2+K5	D6	-	B0+B1+B3+B5
crates/contracts/src/types/sandbox.rs	SandboxProfiles	struct	no-prod-caller	-	governed	-	-	-	Kernel descriptor/port + Linux sandbox adapter	Kernel descriptor/port + Linux sandbox adapter	Kernel descriptor/port + Linux sandbox adapter	K2+K5	D6	-	B0+B1+B3+B5
crates/contracts/src/types/sandbox.rs	SandboxResult	struct	no-prod-caller	-	governed	-	-	-	Kernel descriptor/port + Linux sandbox adapter	Kernel descriptor/port + Linux sandbox adapter	Kernel descriptor/port + Linux sandbox adapter	K2+K5	D6	-	B0+B1+B3+B5
crates/contracts/src/types/session.rs	AppendOutcome	enum	no-prod-caller	-	governed	wire	-	-	executive	executive	Contracts IDs + Runtime session authority	D1+RA-01/RA-04	D6	-	B0+B1+B4+closed
crates/contracts/src/types/session.rs	ItemId	struct	no-prod-caller	-	governed	-	-	-	executive	executive	Contracts IDs + Runtime session authority	D1+RA-01/RA-04	D6	-	B0+B1+B4+closed
crates/contracts/src/types/session.rs	ItemPayload	enum	no-prod-caller	-	governed	wire	-	-	executive	executive	Contracts IDs + Runtime session authority	D1+RA-01/RA-04	D6	-	B0+B1+B4+closed
crates/contracts/src/types/session.rs	ItemRecord	struct	no-prod-caller	-	governed	-	-	-	executive	executive	Contracts IDs + Runtime session authority	D1+RA-01/RA-04	D6	-	B0+B1+B4+closed
crates/contracts/src/types/session.rs	SessionAppendStore	trait	no-prod-caller	-	governed	-	-	-	executive	executive	Contracts IDs + Runtime session authority	D1+RA-01/RA-04	D6	-	B0+B1+B4+closed
crates/contracts/src/types/session.rs	SessionFork	struct	no-prod-caller	-	governed	-	-	-	executive	executive	Contracts IDs + Runtime session authority	D1+RA-01/RA-04	D6	-	B0+B1+B4+closed
crates/contracts/src/types/session.rs	SessionForkedEvent	struct	no-prod-caller	-	governed	-	-	-	executive	executive	Contracts IDs + Runtime session authority	D1+RA-01/RA-04	D6	-	B0+B1+B4+closed
crates/contracts/src/types/session.rs	SessionNotification	enum	no-prod-caller	-	governed	wire	-	-	executive	executive	Contracts IDs + Runtime session authority	D1+RA-01/RA-04	D6	-	B0+B1+B4+closed
crates/contracts/src/types/session.rs	SessionPrincipalBoundEvent	struct	executive	-	governed	-	-	-	executive	executive	Contracts IDs + Runtime session authority	D1+RA-01/RA-04	D6	-	B0+B1+B4+closed
crates/contracts/src/types/session.rs	SessionProtocolV5	enum	executive,interact	-	governed	wire	-	-	executive	executive	Contracts IDs + Runtime session authority	D1+RA-01/RA-04	D6	-	B0+B1+B4+closed
crates/contracts/src/types/session.rs	SessionReadStore	trait	executive	-	governed	-	-	-	executive	executive	Contracts IDs + Runtime session authority	D1+RA-01/RA-04	D6	-	B0+B1+B4+closed
crates/contracts/src/types/session.rs	SessionRecord	struct	no-prod-caller	-	governed	-	-	-	executive	executive	Contracts IDs + Runtime session authority	D1+RA-01/RA-04	D6	-	B0+B1+B4+closed
crates/contracts/src/types/session.rs	SessionStatus	enum	no-prod-caller	-	governed	wire	-	-	executive	executive	Contracts IDs + Runtime session authority	D1+RA-01/RA-04	D6	-	B0+B1+B4+closed
crates/contracts/src/types/session.rs	TaskProjectionFact	struct	executive,interact	-	governed	-	-	-	executive	executive	Contracts IDs + Runtime session authority	D1+RA-01/RA-04	D6	-	B0+B1+B4+closed
crates/contracts/src/types/session.rs	TurnId	struct	no-prod-caller	-	governed	-	-	-	executive	executive	Contracts IDs + Runtime session authority	D1+RA-01/RA-04	D6	-	B0+B1+B4+closed
crates/contracts/src/types/session.rs	TurnRecord	struct	no-prod-caller	-	governed	-	-	-	executive	executive	Contracts IDs + Runtime session authority	D1+RA-01/RA-04	D6	-	B0+B1+B4+closed
crates/contracts/src/types/session.rs	TurnRecoveryClassification	enum	executive	-	governed	wire	-	-	executive	executive	Contracts IDs + Runtime session authority	D1+RA-01/RA-04	D6	-	B0+B1+B4+closed
crates/contracts/src/types/skill_proposal.rs	GoalAlignment	enum	cognit,executive	-	governed	wire	-	-	Robot VLA hot-path + Corpus catalog projection + Metacog post-settlement evidence	Robot VLA hot-path + Corpus catalog projection + Metacog post-settlement evidence	Robot VLA hot-path + Corpus catalog projection + Metacog post-settlement evidence	E5(prep)+D3+D5+E5-K6c(cutover)+XRET-03(drain)+E7(delete)	E7	-	B0+B1+B3+B6
crates/contracts/src/types/skill_proposal.rs	PolicyProvenance	struct	no-prod-caller	-	governed	-	-	-	Robot VLA hot-path + Corpus catalog projection + Metacog post-settlement evidence	Robot VLA hot-path + Corpus catalog projection + Metacog post-settlement evidence	Robot VLA hot-path + Corpus catalog projection + Metacog post-settlement evidence	E5(prep)+D3+D5+E5-K6c(cutover)+XRET-03(drain)+E7(delete)	E7	-	B0+B1+B3+B6
crates/contracts/src/types/skill_proposal.rs	SkillProposal	struct	no-prod-caller	-	governed	-	-	-	Robot VLA hot-path + Corpus catalog projection + Metacog post-settlement evidence	Robot VLA hot-path + Corpus catalog projection + Metacog post-settlement evidence	Robot VLA hot-path + Corpus catalog projection + Metacog post-settlement evidence	E5(prep)+D3+D5+E5-K6c(cutover)+XRET-03(drain)+E7(delete)	E7	-	B0+B1+B3+B6
crates/contracts/src/types/space.rs	AccessMode	enum	no-prod-caller	-	governed	wire	-	-	Contracts correlation IDs + Agora/Mnemosyne/Runtime owners	Contracts correlation IDs + Agora/Mnemosyne/Runtime owners	Contracts correlation IDs + Agora/Mnemosyne/Runtime owners	D1+D4+RA-01	D6	-	B0+B1+B7
crates/contracts/src/types/space.rs	AgoraSpaceId	struct	no-prod-caller	-	governed	-	-	-	Contracts correlation IDs + Agora/Mnemosyne/Runtime owners	Contracts correlation IDs + Agora/Mnemosyne/Runtime owners	Contracts correlation IDs + Agora/Mnemosyne/Runtime owners	D1+D4+RA-01	D6	-	B0+B1+B7
crates/contracts/src/types/space.rs	AgoraVersion	struct	no-prod-caller	-	governed	-	-	-	Contracts correlation IDs + Agora/Mnemosyne/Runtime owners	Contracts correlation IDs + Agora/Mnemosyne/Runtime owners	Contracts correlation IDs + Agora/Mnemosyne/Runtime owners	D1+D4+RA-01	D6	-	B0+B1+B7
crates/contracts/src/types/space.rs	ArtifactId	struct	no-prod-caller	-	governed	-	-	-	Contracts correlation IDs + Agora/Mnemosyne/Runtime owners	Contracts correlation IDs + Agora/Mnemosyne/Runtime owners	Contracts correlation IDs + Agora/Mnemosyne/Runtime owners	D1+D4+RA-01	D6	-	B0+B1+B7
crates/contracts/src/types/space.rs	ContextBinding	enum	no-prod-caller	-	governed	wire	-	-	Contracts correlation IDs + Agora/Mnemosyne/Runtime owners	Contracts correlation IDs + Agora/Mnemosyne/Runtime owners	Contracts correlation IDs + Agora/Mnemosyne/Runtime owners	D1+D4+RA-01	D6	-	B0+B1+B7
crates/contracts/src/types/space.rs	ContextSpace	struct	no-prod-caller	-	governed	-	-	-	Contracts correlation IDs + Agora/Mnemosyne/Runtime owners	Contracts correlation IDs + Agora/Mnemosyne/Runtime owners	Contracts correlation IDs + Agora/Mnemosyne/Runtime owners	D1+D4+RA-01	D6	-	B0+B1+B7
crates/contracts/src/types/space.rs	SessionId	struct	no-prod-caller	-	governed	-	-	-	Contracts correlation IDs + Agora/Mnemosyne/Runtime owners	Contracts correlation IDs + Agora/Mnemosyne/Runtime owners	Contracts correlation IDs + Agora/Mnemosyne/Runtime owners	D1+D4+RA-01	D6	-	B0+B1+B7
crates/contracts/src/types/space.rs	SpaceSnapshotId	struct	no-prod-caller	-	governed	-	-	-	Contracts correlation IDs + Agora/Mnemosyne/Runtime owners	Contracts correlation IDs + Agora/Mnemosyne/Runtime owners	Contracts correlation IDs + Agora/Mnemosyne/Runtime owners	D1+D4+RA-01	D6	-	B0+B1+B7
crates/contracts/src/types/space.rs	VersionedOverlay	struct	no-prod-caller	-	governed	-	-	-	Contracts correlation IDs + Agora/Mnemosyne/Runtime owners	Contracts correlation IDs + Agora/Mnemosyne/Runtime owners	Contracts correlation IDs + Agora/Mnemosyne/Runtime owners	D1+D4+RA-01	D6	-	B0+B1+B7
crates/contracts/src/types/time.rs	MonoDeadline	struct	no-prod-caller	-	governed	-	-	-	Contracts primitives + host time conversion adapter	Contracts primitives + host time conversion adapter	Contracts primitives + host time conversion adapter	D1+K1	D6	-	B0+B3+B5
crates/contracts/src/types/time.rs	MonoTime	struct	no-prod-caller	-	governed	-	-	-	Contracts primitives + host time conversion adapter	Contracts primitives + host time conversion adapter	Contracts primitives + host time conversion adapter	D1+K1	D6	-	B0+B3+B5
crates/contracts/src/types/time.rs	WallTime	struct	no-prod-caller	-	governed	-	-	-	Contracts primitives + host time conversion adapter	Contracts primitives + host time conversion adapter	Contracts primitives + host time conversion adapter	D1+K1	D6	-	B0+B3+B5
crates/contracts/src/types/tool.rs	AgentToolContext	struct	no-prod-caller	-	governed	-	-	-	Corpus descriptor + Kernel capability + Application approval	Corpus descriptor + Kernel capability + Application approval	Corpus descriptor + Kernel capability + Application approval	D5+K2/K3+APX-02	D6	-	B0+B1+B3
crates/contracts/src/types/tool.rs	ApprovalOwner	struct	no-prod-caller	-	governed	-	-	-	Corpus descriptor + Kernel capability + Application approval	Corpus descriptor + Kernel capability + Application approval	Corpus descriptor + Kernel capability + Application approval	D5+K2/K3+APX-02	D6	-	B0+B1+B3
crates/contracts/src/types/tool.rs	ConcurrencyClass	enum	no-prod-caller	-	governed	wire	-	-	Corpus descriptor + Kernel capability + Application approval	Corpus descriptor + Kernel capability + Application approval	Corpus descriptor + Kernel capability + Application approval	D5+K2/K3+APX-02	D6	-	B0+B1+B3
crates/contracts/src/types/tool.rs	FileSnap	struct	no-prod-caller	-	governed	-	-	-	Corpus descriptor + Kernel capability + Application approval	Corpus descriptor + Kernel capability + Application approval	Corpus descriptor + Kernel capability + Application approval	D5+K2/K3+APX-02	D6	-	B0+B1+B3
crates/contracts/src/types/tool.rs	PatchDelta	struct	no-prod-caller	-	governed	-	-	-	Corpus descriptor + Kernel capability + Application approval	Corpus descriptor + Kernel capability + Application approval	Corpus descriptor + Kernel capability + Application approval	D5+K2/K3+APX-02	D6	-	B0+B1+B3
crates/contracts/src/types/tool.rs	PatchDeltaApplied	struct	no-prod-caller	-	governed	-	-	-	Corpus descriptor + Kernel capability + Application approval	Corpus descriptor + Kernel capability + Application approval	Corpus descriptor + Kernel capability + Application approval	D5+K2/K3+APX-02	D6	-	B0+B1+B3
crates/contracts/src/types/tool.rs	PatchDeltaFailed	struct	no-prod-caller	-	governed	-	-	-	Corpus descriptor + Kernel capability + Application approval	Corpus descriptor + Kernel capability + Application approval	Corpus descriptor + Kernel capability + Application approval	D5+K2/K3+APX-02	D6	-	B0+B1+B3
crates/contracts/src/types/tool.rs	PatchDeltaFileChange	struct	no-prod-caller	-	governed	-	-	-	Corpus descriptor + Kernel capability + Application approval	Corpus descriptor + Kernel capability + Application approval	Corpus descriptor + Kernel capability + Application approval	D5+K2/K3+APX-02	D6	-	B0+B1+B3
crates/contracts/src/types/tool.rs	PatchDiffArtifactRef	struct	no-prod-caller	-	governed	-	-	-	Corpus descriptor + Kernel capability + Application approval	Corpus descriptor + Kernel capability + Application approval	Corpus descriptor + Kernel capability + Application approval	D5+K2/K3+APX-02	D6	-	B0+B1+B3
crates/contracts/src/types/tool.rs	PendingApprovalKey	struct	no-prod-caller	-	governed	-	-	-	Corpus descriptor + Kernel capability + Application approval	Corpus descriptor + Kernel capability + Application approval	Corpus descriptor + Kernel capability + Application approval	D5+K2/K3+APX-02	D6	-	B0+B1+B3
crates/contracts/src/types/tool.rs	PermissionLevel	enum	no-prod-caller	-	governed	wire	-	-	Corpus descriptor + Kernel capability + Application approval	Corpus descriptor + Kernel capability + Application approval	Corpus descriptor + Kernel capability + Application approval	D5+K2/K3+APX-02	D6	-	B0+B1+B3
crates/contracts/src/types/tool.rs	ThreadGrantKey	struct	no-prod-caller	-	governed	-	-	-	Corpus descriptor + Kernel capability + Application approval	Corpus descriptor + Kernel capability + Application approval	Corpus descriptor + Kernel capability + Application approval	D5+K2/K3+APX-02	D6	-	B0+B1+B3
crates/contracts/src/types/tool.rs	Tool	trait	no-prod-caller	-	governed	-	-	-	Corpus descriptor + Kernel capability + Application approval	Corpus descriptor + Kernel capability + Application approval	Corpus descriptor + Kernel capability + Application approval	D5+K2/K3+APX-02	D6	-	B0+B1+B3
crates/contracts/src/types/tool.rs	ToolApprovalAuthority	struct	no-prod-caller	-	governed	-	-	-	Corpus descriptor + Kernel capability + Application approval	Corpus descriptor + Kernel capability + Application approval	Corpus descriptor + Kernel capability + Application approval	D5+K2/K3+APX-02	D6	-	B0+B1+B3
crates/contracts/src/types/tool.rs	ToolApprovalDescriptor	struct	no-prod-caller	-	governed	-	-	-	Corpus descriptor + Kernel capability + Application approval	Corpus descriptor + Kernel capability + Application approval	Corpus descriptor + Kernel capability + Application approval	D5+K2/K3+APX-02	D6	-	B0+B1+B3
crates/contracts/src/types/tool.rs	ToolCacheDependencies	enum	corpus,executive	-	governed	wire	-	-	Corpus descriptor + Kernel capability + Application approval	Corpus descriptor + Kernel capability + Application approval	Corpus descriptor + Kernel capability + Application approval	D5+K2/K3+APX-02	D6	-	B0+B1+B3
crates/contracts/src/types/tool.rs	ToolCachePolicy	enum	no-prod-caller	-	governed	wire	-	-	Corpus descriptor + Kernel capability + Application approval	Corpus descriptor + Kernel capability + Application approval	Corpus descriptor + Kernel capability + Application approval	D5+K2/K3+APX-02	D6	-	B0+B1+B3
crates/contracts/src/types/tool.rs	ToolContext	struct	no-prod-caller	-	governed	-	-	-	Corpus descriptor + Kernel capability + Application approval	Corpus descriptor + Kernel capability + Application approval	Corpus descriptor + Kernel capability + Application approval	D5+K2/K3+APX-02	D6	-	B0+B1+B3
crates/contracts/src/types/tool.rs	ToolExecutionDescriptor	enum	no-prod-caller	-	governed	wire	-	-	Corpus descriptor + Kernel capability + Application approval	Corpus descriptor + Kernel capability + Application approval	Corpus descriptor + Kernel capability + Application approval	D5+K2/K3+APX-02	D6	-	B0+B1+B3
crates/contracts/src/types/tool.rs	ToolExposure	enum	no-prod-caller	-	governed	wire	-	-	Corpus descriptor + Kernel capability + Application approval	Corpus descriptor + Kernel capability + Application approval	Corpus descriptor + Kernel capability + Application approval	D5+K2/K3+APX-02	D6	-	B0+B1+B3
crates/contracts/src/types/tool.rs	ToolResult	struct	no-prod-caller	-	governed	-	-	-	Corpus descriptor + Kernel capability + Application approval	Corpus descriptor + Kernel capability + Application approval	Corpus descriptor + Kernel capability + Application approval	D5+K2/K3+APX-02	D6	-	B0+B1+B3
crates/contracts/src/types/tool.rs	ToolResultMeta	struct	no-prod-caller	-	governed	-	-	-	Corpus descriptor + Kernel capability + Application approval	Corpus descriptor + Kernel capability + Application approval	Corpus descriptor + Kernel capability + Application approval	D5+K2/K3+APX-02	D6	-	B0+B1+B3
crates/contracts/src/types/tool_stream.rs	BoundToolEventReceiver	struct	no-prod-caller	-	governed	-	-	-	corpus|executive	corpus|executive	Kernel receipt stream + Gateway projection	K4+CGP-02	D6	-	B0+B1+B2+closed
crates/contracts/src/types/tool_stream.rs	ToolEventSink	struct	no-prod-caller	-	governed	-	-	-	corpus|executive	corpus|executive	Kernel receipt stream + Gateway projection	K4+CGP-02	D6	-	B0+B1+B2+closed
crates/contracts/src/types/tool_stream.rs	ToolExecutionError	enum	no-prod-caller	-	governed	wire	-	-	corpus|executive	corpus|executive	Kernel receipt stream + Gateway projection	K4+CGP-02	D6	-	B0+B1+B2+closed
crates/contracts/src/types/tool_stream.rs	ToolExecutionEvent	enum	no-prod-caller	-	governed	wire	-	-	corpus|executive	corpus|executive	Kernel receipt stream + Gateway projection	K4+CGP-02	D6	-	B0+B1+B2+closed
crates/contracts/src/types/tool_stream.rs	ToolNotification	struct	no-prod-caller	-	governed	-	-	-	corpus|executive	corpus|executive	Kernel receipt stream + Gateway projection	K4+CGP-02	D6	-	B0+B1+B2+closed
crates/contracts/src/types/tool_stream.rs	ToolNotificationKind	enum	no-prod-caller	-	governed	wire	-	-	corpus|executive	corpus|executive	Kernel receipt stream + Gateway projection	K4+CGP-02	D6	-	B0+B1+B2+closed
crates/contracts/src/types/tool_stream.rs	ToolProgress	enum	no-prod-caller	-	governed	wire	-	-	corpus|executive	corpus|executive	Kernel receipt stream + Gateway projection	K4+CGP-02	D6	-	B0+B1+B2+closed
crates/contracts/src/types/turn.rs	TurnEvent	enum	no-prod-caller	-	governed	wire	-	-	cognit|executive	cognit|executive	Runtime turn authority; Cognit result as owner DTO	RA-01/RA-02+D2	D6	-	B0+B1+B4+closed
crates/contracts/src/types/turn.rs	TurnFailure	struct	cognit,executive,interact	-	governed	-	-	-	cognit|executive	cognit|executive	Runtime turn authority; Cognit result as owner DTO	RA-01/RA-02+D2	D6	-	B0+B1+B4+closed
crates/contracts/src/types/turn.rs	TurnFailureKind	enum	cognit,executive,interact	-	governed	wire	-	-	cognit|executive	cognit|executive	Runtime turn authority; Cognit result as owner DTO	RA-01/RA-02+D2	D6	-	B0+B1+B4+closed
crates/contracts/src/types/turn.rs	TurnMetrics	struct	no-prod-caller	-	governed	-	-	-	cognit|executive	cognit|executive	Runtime turn authority; Cognit result as owner DTO	RA-01/RA-02+D2	D6	-	B0+B1+B4+closed
crates/contracts/src/types/turn.rs	TurnRequest	struct	no-prod-caller	-	governed	-	-	-	cognit|executive	cognit|executive	Runtime turn authority; Cognit result as owner DTO	RA-01/RA-02+D2	D6	-	B0+B1+B4+closed
crates/contracts/src/types/turn.rs	TurnResult	struct	no-prod-caller	-	governed	-	-	-	cognit|executive	cognit|executive	Runtime turn authority; Cognit result as owner DTO	RA-01/RA-02+D2	D6	-	B0+B1+B4+closed
crates/contracts/src/types/turn.rs	TurnStop	enum	no-prod-caller	-	governed	wire	-	-	cognit|executive	cognit|executive	Runtime turn authority; Cognit result as owner DTO	RA-01/RA-02+D2	D6	-	B0+B1+B4+closed
crates/contracts/src/types/turn.rs	TurnTerminalStatus	enum	no-prod-caller	-	governed	wire	-	-	cognit|executive	cognit|executive	Runtime turn authority; Cognit result as owner DTO	RA-01/RA-02+D2	D6	-	B0+B1+B4+closed
crates/contracts/src/types/turn_control.rs	InterruptReason	enum	aletheon,executive,application	-	governed	wire	-	-	Application	Application	Application	APX-04	D6	-	B0+B2+B4
crates/contracts/src/types/workspace.rs	ActionProposalFrame	struct	no-prod-caller	-	governed	-	-	-	agora|dasein|executive	agora|dasein|executive	Agora workspace + Cognit projection	D4+D2	D6	-	B0+B1+B4+closed
crates/contracts/src/types/workspace.rs	BroadcastAck	struct	no-prod-caller	-	governed	-	-	-	agora|dasein|executive	agora|dasein|executive	Agora workspace + Cognit projection	D4+D2	D6	-	B0+B1+B4+closed
crates/contracts/src/types/workspace.rs	BroadcastAckStatus	enum	no-prod-caller	-	governed	wire	-	-	agora|dasein|executive	agora|dasein|executive	Agora workspace + Cognit projection	D4+D2	D6	-	B0+B1+B4+closed
crates/contracts/src/types/workspace.rs	BroadcastDelivery	struct	no-prod-caller	-	governed	-	-	-	agora|dasein|executive	agora|dasein|executive	Agora workspace + Cognit projection	D4+D2	D6	-	B0+B1+B4+closed
crates/contracts/src/types/workspace.rs	BroadcastEpoch	struct	no-prod-caller	-	governed	-	-	-	agora|dasein|executive	agora|dasein|executive	Agora workspace + Cognit projection	D4+D2	D6	-	B0+B1+B4+closed
crates/contracts/src/types/workspace.rs	CandidateScore	struct	no-prod-caller	-	governed	-	-	-	agora|dasein|executive	agora|dasein|executive	Agora workspace + Cognit projection	D4+D2	D6	-	B0+B1+B4+closed
crates/contracts/src/types/workspace.rs	CareConcernFrame	struct	no-prod-caller	-	governed	-	-	-	agora|dasein|executive	agora|dasein|executive	Agora workspace + Cognit projection	D4+D2	D6	-	B0+B1+B4+closed
crates/contracts/src/types/workspace.rs	ContentId	struct	no-prod-caller	-	governed	-	-	-	agora|dasein|executive	agora|dasein|executive	Agora workspace + Cognit projection	D4+D2	D6	-	B0+B1+B4+closed
crates/contracts/src/types/workspace.rs	GoalFrame	struct	no-prod-caller	-	governed	-	-	-	agora|dasein|executive	agora|dasein|executive	Agora workspace + Cognit projection	D4+D2	D6	-	B0+B1+B4+closed
crates/contracts/src/types/workspace.rs	GovernedActionOutcomeFrame	struct	no-prod-caller	-	governed	-	-	-	agora|dasein|executive	agora|dasein|executive	Agora workspace + Cognit projection	D4+D2	D6	-	B0+B1+B4+closed
crates/contracts/src/types/workspace.rs	PredictionErrorFrame	struct	no-prod-caller	-	governed	-	-	-	agora|dasein|executive	agora|dasein|executive	Agora workspace + Cognit projection	D4+D2	D6	-	B0+B1+B4+closed
crates/contracts/src/types/workspace.rs	PredictionFrame	struct	no-prod-caller	-	governed	-	-	-	agora|dasein|executive	agora|dasein|executive	Agora workspace + Cognit projection	D4+D2	D6	-	B0+B1+B4+closed
crates/contracts/src/types/workspace.rs	RecalledExperienceFrame	struct	no-prod-caller	-	governed	-	-	-	agora|dasein|executive	agora|dasein|executive	Agora workspace + Cognit projection	D4+D2	D6	-	B0+B1+B4+closed
crates/contracts/src/types/workspace.rs	SalienceVector	struct	no-prod-caller	-	governed	-	-	-	agora|dasein|executive	agora|dasein|executive	Agora workspace + Cognit projection	D4+D2	D6	-	B0+B1+B4+closed
crates/contracts/src/types/workspace.rs	SelectionExplanation	struct	no-prod-caller	-	governed	-	-	-	agora|dasein|executive	agora|dasein|executive	Agora workspace + Cognit projection	D4+D2	D6	-	B0+B1+B4+closed
crates/contracts/src/types/workspace.rs	SelectionResult	struct	no-prod-caller	-	governed	-	-	-	agora|dasein|executive	agora|dasein|executive	Agora workspace + Cognit projection	D4+D2	D6	-	B0+B1+B4+closed
crates/contracts/src/types/workspace.rs	VisibilityScope	enum	no-prod-caller	-	governed	wire	-	-	agora|dasein|executive	agora|dasein|executive	Agora workspace + Cognit projection	D4+D2	D6	-	B0+B1+B4+closed
crates/contracts/src/types/workspace.rs	WorkspaceAttribution	enum	no-prod-caller	-	governed	wire	-	-	agora|dasein|executive	agora|dasein|executive	Agora workspace + Cognit projection	D4+D2	D6	-	B0+B1+B4+closed
crates/contracts/src/types/workspace.rs	WorkspaceBroadcast	struct	no-prod-caller	-	governed	-	-	-	agora|dasein|executive	agora|dasein|executive	Agora workspace + Cognit projection	D4+D2	D6	-	B0+B1+B4+closed
crates/contracts/src/types/workspace.rs	WorkspaceCandidate	struct	no-prod-caller	-	governed	-	-	-	agora|dasein|executive	agora|dasein|executive	Agora workspace + Cognit projection	D4+D2	D6	-	B0+B1+B4+closed
crates/contracts/src/types/workspace.rs	WorkspaceContent	enum	no-prod-caller	-	governed	wire	-	-	agora|dasein|executive	agora|dasein|executive	Agora workspace + Cognit projection	D4+D2	D6	-	B0+B1+B4+closed
crates/contracts/src/types/workspace.rs	WorkspaceObservation	struct	no-prod-caller	-	governed	-	-	-	agora|dasein|executive	agora|dasein|executive	Agora workspace + Cognit projection	D4+D2	D6	-	B0+B1+B4+closed
crates/contracts/src/types/workspace.rs	WorkspaceProvenance	struct	no-prod-caller	-	governed	-	-	-	agora|dasein|executive	agora|dasein|executive	Agora workspace + Cognit projection	D4+D2	D6	-	B0+B1+B4+closed
crates/contracts/src/types/workspace.rs	WorkspaceReflection	struct	no-prod-caller	-	governed	-	-	-	agora|dasein|executive	agora|dasein|executive	Agora workspace + Cognit projection	D4+D2	D6	-	B0+B1+B4+closed
crates/contracts/src/types/world_state.rs	WorldSnapshot	struct	no-prod-caller	-	governed	-	-	-	cognit	cognit	Hardware observation + Robot world model + Metacog evidence/projection	E4/E5(prep)+D3+E4-K6b/E5-K6c(cutover)+XRET-03(drain)+E7(delete)	E7	-	B0+B1+B3+B4+B6+closed
crates/contracts/src/types/world_state.rs	WorldStatePort	trait	no-prod-caller	-	governed	-	-	-	cognit	cognit	Hardware observation + Robot world model + Metacog evidence/projection	E4/E5(prep)+D3+E4-K6b/E5-K6c(cutover)+XRET-03(drain)+E7(delete)	E7	-	B0+B1+B3+B4+B6+closed
crates/contracts/src/compaction.rs	CompactionFailure	enum	cognit,mnemosyne	-	governed	wire	-	-	contracts	cognit,mnemosyne	Contracts	CC-P2.2	D6	-	CC-P2.2+closed
crates/contracts/src/compaction.rs	CompactionStrategy	enum	cognit,mnemosyne,runtime	-	governed	wire	-	-	contracts	cognit,mnemosyne,runtime	Contracts	CC-P2.2	D6	-	CC-P2.2+closed
crates/contracts/src/compaction.rs	CompactionOutcome	struct	aletheon,cognit,mnemosyne	-	governed	-	-	-	contracts	aletheon,cognit,mnemosyne	Contracts	CC-P2.2	D6	-	CC-P2.2+closed
crates/contracts/src/compaction.rs	CompactorTrait	trait	cognit,mnemosyne	-	governed	-	-	-	contracts	cognit,mnemosyne	Contracts	CC-P2.2	D6	-	CC-P2.2+closed
crates/contracts/src/include/memory.rs	ProviderBackpressureSnapshot	struct	aletheon,cognit	-	governed	wire	-	-	aletheon	aletheon,cognit	Contracts	CC-P2.2	D6	-	CC-P2.2+closed
crates/contracts/src/reflection.rs	ReflectionOutcome	enum	cognit,metacog,mnemosyne	-	governed	wire	reflection_events	-	cognit,mnemosyne	cognit,metacog,mnemosyne	Contracts	CC-P2.3	D6	-	CC-P2.3+closed
crates/contracts/src/reflection.rs	ReflectionTrigger	enum	aletheon,cognit,mnemosyne	-	governed	wire	reflection_events	-	cognit,mnemosyne	aletheon,cognit,mnemosyne	Contracts	CC-P2.3	D6	-	CC-P2.3+closed
crates/contracts/src/reflection.rs	BehaviorAdjustment	struct	cognit,dasein	-	governed	wire	evolution_log	-	cognit	cognit,dasein	Contracts	CC-P2.3	D6	-	CC-P2.3+closed
crates/contracts/src/reflection.rs	EvolutionLogEntry	struct	aletheon,cognit,mnemosyne	-	governed	wire	evolution_log	-	cognit,mnemosyne	aletheon,cognit,mnemosyne	Contracts	CC-P2.3	D6	-	CC-P2.3+closed
crates/contracts/src/reflection.rs	ReflectionEntry	struct	aletheon,cognit,metacog,mnemosyne	-	governed	wire	reflection_events	-	cognit,mnemosyne	aletheon,cognit,metacog,mnemosyne	Contracts	CC-P2.3	D6	-	CC-P2.3+closed
crates/contracts/src/turn_policy.rs	EnvironmentProfile	enum	aletheon,cognit	-	governed	wire	-	-	contracts	aletheon,cognit	Contracts	CC-P2.2	D6	-	CC-P2.2+closed
crates/contracts/src/turn_policy.rs	EventDelivery	enum	aletheon,cognit	-	governed	wire	-	-	contracts	aletheon,cognit	Contracts	CC-P2.2	D6	-	CC-P2.2+closed
crates/contracts/src/turn_policy.rs	PersistenceMode	enum	aletheon,cognit	-	governed	wire	-	-	contracts	aletheon,cognit	Contracts	CC-P2.2	D6	-	CC-P2.2+closed
crates/contracts/src/turn_policy.rs	ReviewerMode	enum	aletheon,cognit	-	governed	wire	-	-	contracts	aletheon,cognit	Contracts	CC-P2.2	D6	-	CC-P2.2+closed
crates/contracts/src/turn_policy.rs	TurnPolicy	struct	aletheon,cognit	-	governed	-	-	-	contracts	aletheon,cognit	Contracts	CC-P2.2	D6	-	CC-P2.2+closed
crates/contracts/src/types/episode_report.rs	EpisodePromotionPort	trait	aletheon,cognit,mnemosyne	-	governed	-	-	-	contracts	aletheon,cognit,mnemosyne	Contracts	CC-P2.3	D6	-	CC-P2.3+closed
crates/contracts/src/workspace_identity.rs	WorkspaceIdentity	struct	aletheon,application,mnemosyne,platform	-	governed	wire	-	-	platform	aletheon,application,mnemosyne,platform	Contracts	CC-P2.3	D6	-	CC-P2.3+closed
